time_ms,rtt_ms,min_rtt_ms,predicted_queue_bytes,bucket_size_bytes
10324891259,1.32751,1.32751,0,12000
10324892635,0.534058,0.534058,0,12000
10324894133,0.0305176,0.0305176,0,12000
10324895384,1.17493,0.0305176,122.452,12000
10324896696,0.518799,0.0305176,61.0352,12000
10324897634,1.23596,0.0305176,162.735,12000
10324898775,1.2207,0.0305176,163.055,12000
10324899900,1.20544,0.0305176,164.49,12000
10324901337,0.427246,0.0305176,57.5256,12000
10324902181,0.137329,0.0305176,16.7694,12000
10324903009,0.0610352,0.0305176,5.15747,12000
10324904431,0.549316,0.0610352,89.3555,6000
10324905900,0.808716,0.0610352,159.256,3000
10324906509,0.961304,0.0610352,191.757,3000
10324908899,0.534058,0.0610352,110.687,4200
10324910025,0.396729,0.0610352,78.5522,4200
10324910854,0.946045,0.0610352,207.092,4200
10324912259,0.595093,0.0610352,124.969,4200
10324912931,0.839233,0.0610352,291.046,4200
10324912978,0.839233,0.0610352,291.046,4200
10324913525,0.228882,0.228882,0,4200
10324914431,0.228882,0.228882,0,4200
10324914431,0.808716,0.228882,0,4200
10324915275,0.808716,0.228882,219.757,4200
10324915839,0.62561,0.228882,150.36,4200
10324916729,0.62561,0.228882,150.36,4200
10324917119,1.06812,0.228882,318.069,4200
10324917979,1.09863,0.228882,329.636,4200
10324918183,1.09863,0.228882,329.636,4200
10324919384,0.778198,0.228882,233.459,4200
10324919619,0.778198,0.228882,233.459,4200
10324920634,0.152588,0.152588,0,4200
10324920697,0.152588,0.152588,0,4200
10324921651,0.152588,0.152588,0,4200
10324921869,1.08337,0.152588,395.584,4200
10324922478,1.08337,0.152588,395.584,4200
10324923103,1.08337,0.152588,395.584,4200
10324923136,0.62561,0.152588,201.035,4200
10324924229,1.44958,0.152588,675.735,4200
10324924604,1.44958,0.152588,675.735,4200
10324925166,1.44958,0.152588,675.735,4200
10324925417,2.5177,0.152588,1232.22,4200
10324926557,1.15967,0.152588,524.689,4200
10324926635,1.15967,0.152588,524.689,4200
10324927915,0.946045,0.152588,413.391,4200
10324928010,0.946045,0.152588,413.391,4200
10324928806,0.946045,0.152588,504.639,4200
10324928947,1.63269,0.152588,941.345,4200
10324930042,1.63269,0.152588,941.345,4200
10324930197,0.823975,0.152588,427.002,4200
10324931228,0.823975,0.152588,427.002,4200
10324931228,1.32751,0.152588,427.002,4200
10324931901,1.72424,0.62561,698.73,4200
10324932354,1.72424,0.62561,698.73,4200
10324932759,0.534058,0.534058,0,5400
10324933119,0.534058,0.534058,0,6600
10324933447,1.20544,0.534058,427.002,7800
10324934353,0.915527,0.534058,288.01,9000
10324934603,0.915527,0.534058,288.01,10200
10324934931,0.656128,0.534058,92.1631,11400
10324935432,0.656128,0.534058,92.1631,12600
10324935543,1.09863,0.534058,426.254,13800
10324936635,1.09863,0.534058,475.937,15000
10324937025,1.28174,0.534058,630.295,15000
10324937729,1.28174,0.534058,630.295,16200
10324937917,1.17493,0.534058,540.253,17400
10324938556,0.350952,0.350952,0,18600
10324939118,0.350952,0.350952,0,18600
10324939791,0.167847,0.167847,0,19800
10324940401,0.167847,0.167847,0,21000
10324941058,0.0915527,0.0915527,0,22200
10324941416,0.0915527,0.0915527,0,23400
10324942541,1.09863,0.0915527,848.969,23400
10324942916,1.09863,0.0915527,848.969,24600
10324943760,0.320435,0.0915527,192.947,24600
10324944104,0.320435,0.0915527,192.947,24600
10324944979,0.457764,0.0915527,308.716,24600
10324945056,0.457764,0.0915527,308.716,25800
10324946104,0.579834,0.0915527,411.621,25800
10324946182,0.579834,0.0915527,411.621,25800
10324947291,0.549316,0.0915527,385.895,25800
10324947682,0.549316,0.0915527,385.895,27000
10324948011,0.549316,0.0915527,385.895,27000
10324948729,0.549316,0.0915527,385.895,27000
10324949073,0.442505,0.0915527,295.853,27000
10324949386,0.442505,0.0915527,295.853,27000
10324950011,0.442505,0.0915527,295.853,27000
10324950307,0.823975,0.0915527,617.432,27000
10324950729,0.823975,0.0915527,617.432,27000
10324951386,1.25122,0.0915527,977.6,27000
10324951525,1.25122,0.320435,784.653,27000
10324952260,0.991821,0.320435,565.979,27000
10324952541,0.991821,0.320435,565.979,27000
10324952932,0.701904,0.320435,307.465,28200
10324953073,0.701904,0.320435,307.465,28200
10324954135,0.12207,0.12207,0,28200
10324954276,0.12207,0.12207,0,28200
10324954808,2.02942,0.12207,1607.89,28200
10324982058,0.350952,0.350952,0,12000
10324982917,1.34277,0.350952,87.2803,12000
10324983761,0.656128,0.350952,28.9917,12000
10324984402,0.88501,0.350952,54.4739,6000
10324985621,1.31226,0.350952,106.705,6000
10324986463,0.366211,0.350952,1.8158,6000
10324987230,0.473022,0.350952,14.5264,6000
10324987840,0.869751,0.350952,64.8499,6000
10324989245,0.534058,0.350952,22.8882,6000
10324989964,1.06812,0.350952,96.0999,6000
10324990793,0.259399,0.259399,0,6000
10324991808,0.823975,0.259399,87.5092,6000
10324992840,1.00708,0.259399,123.367,7200
10324993589,0.88501,0.259399,111.359,3600
10324994386,1.14441,0.259399,157.532,2400
10324995668,1.02234,0.259399,158.691,2400
10324996996,1.37329,0.259399,232.803,2400
10324997668,1.43433,0.259399,245.56,2400
10324998996,0.961304,0.259399,146.698,3600
10324999636,0.671387,0.259399,86.1053,3600
10325000902,1.28174,0.671387,127.563,3600
10325001964,0.366211,0.366211,0,3600
10325001995,0.366211,0.366211,0,3600
10325002543,1.26648,0.366211,253.876,3600
10325003340,1.26648,0.366211,253.876,3600
10325003918,1.06812,0.366211,193.024,3600
10325004621,1.06812,0.366211,193.024,3600
10325004715,0.808716,0.366211,121.689,3600
10325005261,0.808716,0.366211,121.689,4800
10325006043,0.930786,0.366211,155.258,4800
10325006152,0.930786,0.366211,155.258,4800
10325007418,0.793457,0.366211,117.493,4800
10325007433,0.793457,0.366211,117.493,4800
10325008325,1.9989,0.366211,713.486,4800
10325008340,1.9989,0.366211,713.486,4800
10325009230,0.946045,0.366211,350.22,4800
10325009715,0.946045,0.366211,350.22,4800
10325009997,1.20544,0.366211,506.897,4800
10325010340,1.20544,0.366211,506.897,4800
10325011027,1.34277,0.366211,589.844,4800
10325011621,0.732422,0.366211,221.191,4800
10325011730,0.732422,0.366211,221.191,4800
10325012497,0.732422,0.732422,0,4800
10325012511,1.02234,0.732422,175.11,4800
10325013433,0.778198,0.732422,27.6489,4800
10325013870,0.778198,0.732422,36.8958,6000
10325015762,0.900269,0.732422,135.284,7200
10325016339,0.900269,0.732422,135.284,8400
10325016746,0.869751,0.732422,115.768,9600
10325017668,0.747681,0.732422,12.8632,10800
10325017730,0.747681,0.732422,12.8632,12000
10325018808,0.427246,0.427246,0,12000
10325019121,0.427246,0.427246,0,126.025
10325019949,0.427246,0.427246,0,126.025
10325020153,1.40381,0.427246,823.242,1326.03
10325020996,0.793457,0.427246,308.716,1263.01
10325021214,0.793457,0.427246,308.716,1231.51
10325021809,0.793457,0.427246,308.716,1215.75
10325022246,0.747681,0.427246,270.126,1207.88
10325023292,0.747681,0.427246,270.126,1203.94
10325023512,1.25122,0.427246,694.611,1201.97
10325024230,1.02234,0.427246,501.663,1200.98
10325024387,1.02234,0.427246,501.663,1200.49
10325025121,1.02234,0.427246,501.663,1200.25
10325025293,0.946045,0.427246,437.347,1200.12
10325026247,0.686646,0.427246,218.674,1200.06
10325027184,1.20544,0.427246,656.021,1200.03
10325027730,0.732422,0.427246,257.263,1200.02
10325028340,2.02942,0.427246,1350.63,1200.01
10325029012,1.86157,0.427246,1209.14,1200
10325030387,0.961304,0.686646,231.537,1200
10325031636,0.656128,0.656128,0,1200
10325032262,0.350952,0.350952,0,1200
10325032933,0.335693,0.335693,0,1200
10325033606,0.778198,0.335693,373.032,1200
10325036371,1.09863,0.335693,643.158,1200
10325037543,1.11389,0.335693,656.021,1200
10325038122,1.40381,0.335693,900.421,1200
10325039372,0.915527,0.335693,488.8,1200
10325040699,0.12207,0.12207,0,1200
10325042058,0.0915527,0.0915527,0,1200
10325043872,0.167847,0.0915527,64.3158,1200
10325044668,0.793457,0.0915527,591.705,1200
10325046137,0.396729,0.0915527,257.263,1200
10325047121,0.488281,0.0915527,334.442,1200
10325048278,0.869751,0.0915527,656.021,2400
10325049700,0.198364,0.0915527,90.0421,3600
10325050418,0.610352,0.0915527,437.347,4800
10325051638,1.08337,0.0915527,836.105,6000
10325052496,0.961304,0.167847,668.884,7200
10325052621,0.961304,0.167847,668.884,7200
10325053074,0.930786,0.167847,643.158,8400
10325053543,0.930786,0.167847,643.158,9600
10325053887,0.732422,0.198364,450.211,10800
10325054060,0.732422,0.198364,450.211,12000
10325054950,0.900269,0.198364,591.705,13200
10325055121,0.900269,0.198364,591.705,14400
10325055872,0.778198,0.198364,488.8,15600
10325056169,0.778198,0.198364,488.8,16800
10325056840,0.808716,0.198364,514.526,16800
10325057122,0.808716,0.198364,514.526,18000
10325058012,0.12207,0.12207,0,267.554
10325058590,0.12207,0.12207,0,267.554
10325059090,0.228882,0.12207,90.0421,1467.55
10325059246,0.228882,0.12207,90.0421,2667.55
10325059809,0.228882,0.12207,90.0421,1933.78
10325059934,0.274658,0.12207,128.632,1566.89
10325060653,0.915527,0.12207,668.884,2766.89
10325061152,0.915527,0.12207,668.884,3966.89
10325062043,0.656128,0.12207,450.211,5166.89
10325062341,0.656128,0.12207,450.211,6366.89
10325063263,0.656128,0.12207,450.211,7566.89
10325063528,1.12915,0.12207,848.969,8766.89
10325064263,1.12915,0.12207,848.969,9966.89
10325064590,0.0152588,0.0152588,0,102.905
10325065044,0.0152588,0.0152588,0,102.905
10325065420,1.06812,0.0152588,887.558,1302.91
10325065841,1.06812,0.0152588,887.558,1251.45
10325066044,1.41907,0.0152588,1183.41,1225.73
10325066638,0.976562,0.0152588,810.379,2425.73
10325066840,0.976562,0.0152588,810.379,1812.86
10325067449,0.976562,0.0152588,810.379,3012.86
10325068122,0.732422,0.0152588,604.568,4212.86
10325068387,0.732422,0.0152588,604.568,5412.86
10325069371,0.732422,0.0152588,580.185,6612.86
10325069465,0.366211,0.0152588,283.92,7812.86
10325069918,0.366211,0.0152588,295.853,9012.86
10325070763,0.854492,0.0152588,707.474,10212.9
10325070778,0.854492,0.0152588,707.474,11412.9
10325071576,0.854492,0.0152588,707.474,12612.9
10325071576,0.579834,0.0152588,475.937,12612.9
10325072184,0.579834,0.0152588,475.937,13812.9
10325072559,0.793457,0.0152588,656.021,15012.9
10325073497,1.61743,0.0152588,1350.63,16212.9
10325073684,1.61743,0.0152588,1350.63,17412.9
10325074059,0.88501,0.0152588,733.2,17412.9
10325074356,0.88501,0.0152588,733.2,18612.9
10325075184,0.564575,0.366211,167.221,18612.9
10325075340,0.564575,0.366211,167.221,18612.9
10325076232,0.564575,0.366211,167.221,18612.9
10325076669,0.778198,0.366211,347.305,18612.9
10325076842,0.778198,0.366211,347.305,18612.9
10325077310,0.0762939,0.0762939,0,18612.9
10325078278,0.0762939,0.0762939,0,18612.9
10325078387,0.335693,0.0762939,196.106,19812.9
10325079310,0.335693,0.0762939,211.67,19812.9
10325079372,0.152588,0.0762939,62.2559,19812.9
10325080201,0.320435,0.0762939,205.811,21012.9
10325080591,0.320435,0.0762939,205.811,21012.9
10325081279,0.396729,0.0762939,270.126,21012.9
10325081624,0.396729,0.0762939,270.126,21012.9
10325082263,1.08337,0.0762939,848.969,21012.9
10325082544,1.08337,0.0762939,848.969,22212.9
10325083200,0.656128,0.0762939,488.8,22212.9
10325083967,0.656128,0.0762939,488.8,22212.9
10325084312,2.48718,0.0762939,2032.38,22212.9
10325084717,2.48718,0.0762939,2032.38,22212.9
10325085732,2.48718,0.0762939,2032.38,22212.9
10325085810,0.213623,0.0762939,115.768,22212.9
10325087060,0.213623,0.0762939,115.768,22212.9
10325087247,0.610352,0.0762939,450.211,22212.9
10325088060,0.610352,0.0762939,450.211,23412.9
10325088529,0.534058,0.152588,321.579,23412.9
10325089046,0.534058,0.152588,321.579,23412.9
10325089873,0.793457,0.213623,488.8,23412.9
10325090311,0.793457,0.213623,488.8,23412.9
10325091218,0.579834,0.213623,308.716,23412.9
10325091559,0.579834,0.213623,308.716,23412.9
10325091919,0.274658,0.213623,51.4526,23412.9
10325092466,0.274658,0.213623,51.4526,23412.9
10325092654,0.717163,0.213623,424.484,23412.9
10325092997,0.717163,0.213623,407.867,23412.9
10325094122,0.717163,0.213623,424.484,23412.9
10325094122,0.274658,0.213623,51.4526,23412.9
10325095029,0.274658,0.213623,51.4526,23412.9
10325095576,2.09045,0.213623,1582.17,23412.9
10325095591,2.09045,0.213623,1582.17,23412.9
10325096186,2.09045,0.213623,1582.17,23412.9
10325096497,0.198364,0.198364,0,23412.9
10325097201,0.198364,0.198364,0,23412.9
10325097858,1.17493,0.198364,823.242,23412.9
10325098045,1.17493,0.198364,823.242,23412.9
10325098544,0.259399,0.198364,51.4526,23412.9
10325098655,0.259399,0.198364,51.4526,23412.9
10325099747,0.259399,0.198364,51.4526,23412.9
10325100060,0.152588,0.152588,0,23412.9
10325100920,1.63269,0.152588,1247.73,23412.9
10325101217,1.63269,0.152588,1247.73,23412.9
10325102312,0.564575,0.152588,347.305,23412.9
10325102592,0.564575,0.152588,347.305,23412.9
10325103154,0.518799,0.152588,308.716,23412.9
10325103779,0.946045,0.152588,668.884,23412.9
10325104091,0.946045,0.152588,668.884,23412.9
10325104451,1.08337,0.152588,784.653,23412.9
10325105091,1.08337,0.152588,784.653,23412.9
10325105279,0.976562,0.152588,694.611,23412.9
10325105888,0.976562,0.152588,694.611,23412.9
10325106420,1.08337,0.152588,784.653,23412.9
10325106841,1.08337,0.152588,784.653,23412.9
10325107561,2.2583,0.152588,1775.12,23412.9
10325108154,1.96838,0.152588,1530.72,23412.9
10325108263,1.96838,0.152588,1530.72,23412.9
10838959267,1.58691,1.58691,0,12000
10838959845,1.58691,1.58691,0,12000
10838960078,0.839233,0.839233,0,12000
10838960313,0.839233,0.839233,0,12000
10838960767,0.747681,0.747681,0,12000
10838960906,0.747681,0.747681,0,12000
10838961688,0.747681,0.747681,0,6000
10838961720,0.228882,0.228882,0,3000
10838962204,0.228882,0.228882,0,1500
10838962969,0.671387,0.228882,53.1006,1200
10838963438,0.671387,0.228882,53.1006,1200
10838964063,0.152588,0.152588,0,1200
10838964250,0.152588,0.152588,0,1200
10838964627,1.77002,0.152588,210.266,2400
10838965173,0.732422,0.152588,80.0171,2400
10838965641,0.732422,0.152588,80.0171,3600
10838965955,0.778198,0.152588,90.0879,4800
10838968095,0.976562,0.152588,137.604,2400
10838968970,1.51062,0.152588,244.446,2400
10838970063,1.08337,0.152588,180.573,1200
10839044847,1.297,1.297,0,12000
10852776987,1.87683,1.87683,0,12000
10852777753,1.87683,1.87683,0,12000
10852778269,0.823975,0.823975,0,12000
10852779191,0.823975,0.823975,0,12000
10852779738,0.473022,0.473022,0,12000
10852779955,0.473022,0.473022,0,12000
10852780800,0.473022,0.473022,0,12000
10852781018,1.28174,0.473022,67.9321,12000
10852781534,1.28174,0.473022,67.9321,12000
10852781800,0.198364,0.198364,0,12000
10852782753,0.732422,0.198364,45.3949,12000
10852782988,0.732422,0.198364,45.3949,12000
10852785112,0.62561,0.198364,344.36,12000
10852785567,0.62561,0.198364,344.36,12000
10852786191,2.01416,0.198364,1463.53,12000
10852786581,2.01416,0.198364,1463.53,12000
10852786831,2.21252,0.198364,1623.41,12000
10852787862,2.21252,0.198364,1623.41,12000
10852788190,0.854492,0.198364,553.116,12000
10852789081,0.854492,0.198364,553.116,12000
10852790191,0.244141,0.198364,38.5895,12000
10852790799,0.106812,0.106812,0,12000
10852790878,0.106812,0.106812,0,13200
10852791816,0.50354,0.106812,334.442,14400
10852792331,0.50354,0.106812,334.442,15600
10852792909,0.839233,0.106812,617.432,16800
10852793550,0.839233,0.106812,590.332,16800
10852794065,0.793457,0.106812,553.436,16800
10852794081,0.793457,0.106812,553.436,16800
10852794691,0.976562,0.106812,701.019,16800
10852794848,0.976562,0.106812,701.019,16800
10852795331,1.02234,0.106812,737.915,16800
10852795488,1.02234,0.106812,737.915,16800
10852796707,0.335693,0.106812,184.479,16800
10852796738,0.335693,0.106812,184.479,16800
10852797612,0.106812,0.106812,0,16800
10852798160,0.106812,0.106812,0,18000
10852798660,0.88501,0.106812,656.021,18000
10852799253,0.88501,0.106812,656.021,18000
10852799566,0.289917,0.106812,154.358,18000
10852800285,0.289917,0.106812,154.358,18000
10852800535,0.900269,0.106812,668.884,18000
10852801192,0.915527,0.106812,681.747,18000
10852801785,0.915527,0.106812,681.747,18000
10852802347,0.640869,0.106812,450.211,18000
10852802988,0.640869,0.106812,450.211,18000
10852803082,0.930786,0.106812,694.611,18000
10852803706,4.97437,0.106812,4103.35,18000
10852804207,4.97437,0.106812,4103.35,18000
10852804285,1.08337,0.106812,823.242,18000
10852804831,1.08337,0.106812,823.242,18000
10852804973,1.15967,0.106812,887.558,18000
10852805644,4.3335,0.106812,3563.1,18000
10852806207,4.3335,0.106812,3563.1,18000
10852806817,3.92151,0.106812,3215.79,18000
10852807191,3.92151,0.106812,3215.79,18000
10852807645,0.793457,0.106812,578.842,18000
10852807832,0.793457,0.106812,578.842,18000
10852808597,0.793457,0.289917,424.484,18000
10852809160,4.50134,0.289917,3550.23,18000
10852810128,4.50134,0.289917,3550.23,18000
10852810301,0.900269,0.640869,218.674,18000
10852810879,0.900269,0.640869,218.674,18000
10852811457,0.244141,0.244141,0,18000
10852811582,0.244141,0.244141,0,18000
10852812160,1.43433,0.244141,1003.33,18000
10852812628,1.43433,0.244141,1003.33,18000
10852813035,1.46484,0.244141,1029.05,18000
10852813754,1.46484,0.244141,983.887,18000
10852814161,2.62451,0.244141,1940,18000
10852814911,2.62451,0.244141,1940,18000
10852815474,1.02234,0.244141,634.232,18000
10852815598,1.02234,0.244141,634.232,18000
10852816191,1.02234,0.244141,634.232,18000
10852816316,1.31226,0.244141,870.514,18000
10852816753,1.31226,0.244141,870.514,18000
10852817222,1.35803,0.244141,907.822,18000
10852817645,1.35803,0.244141,907.822,18000
10852818363,1.35803,0.244141,939.011,18000
10852818504,0.50354,0.244141,218.674,18000
10852819597,0.50354,0.244141,218.674,18000
10852819769,0.305176,0.244141,51.4526,18000
10852820425,0.305176,0.244141,51.4526,18000
10852820567,1.4801,0.244141,1041.92,18000
10852821051,1.4801,0.244141,1041.92,18000
10852821535,0.839233,0.244141,501.663,18000
10852822332,0.839233,0.305176,450.211,18000
10852822410,1.87683,0.305176,1324.91,18000
10852823410,1.87683,0.305176,1266.75,18000
10852823800,1.95312,0.305176,1328.25,18000
10852824332,1.95312,0.305176,1328.25,18000
10852824394,2.21252,0.305176,1537.32,18000
10852825159,2.21252,0.305176,1537.32,18000
10852825582,1.19019,0.305176,713.318,18000
10852826410,1.19019,0.305176,713.318,18000
10852826988,0.0305176,0.0305176,0,18000
10852827175,0.0305176,0.0305176,0,18000
10852827738,0.0305176,0.0305176,0,18000
10852827770,0.50354,0.0305176,381.256,18000
10852828410,0.50354,0.0305176,398.758,18000
10852828910,0.12207,0.0305176,77.179,18000
10852829238,0.12207,0.0305176,77.179,18000
10852830019,0.12207,0.0305176,77.179,18000
10852830145,0.869751,0.0305176,707.474,18000
10852831192,0.869751,0.0305176,707.474,18000
10852831631,2.09045,0.0305176,1736.53,18000
10852832175,2.09045,0.0305176,1736.53,18000
10852832254,1.06812,0.0305176,874.695,18000
10852833316,1.06812,0.0305176,874.695,18000
10852833566,1.2207,0.0305176,1003.33,18000
10852833911,1.2207,0.0305176,1003.33,18000
10852834614,1.38855,0.0305176,1144.82,18000
10852835129,1.297,0.0305176,1067.64,18000
10852835160,1.297,0.0305176,1067.64,18000
10852836035,1.297,0.0305176,1067.64,18000
10852836629,0.396729,0.0305176,308.716,18000
10852837317,0.396729,0.0305176,308.716,18000
10852837910,0.244141,0.12207,102.905,18000
10852838082,0.244141,0.12207,102.905,18000
10852838660,0.244141,0.12207,102.905,18000
10852838692,0.793457,0.12207,565.979,18000
10852839754,0.793457,0.12207,565.979,18000
10852840035,0.88501,0.244141,540.253,18000
10852840801,0.88501,0.244141,540.253,18000
10852841381,0.228882,0.228882,0,18000
10852842269,0.228882,0.228882,0,18000
10852842582,0.244141,0.228882,12.8632,18000
10852842942,0.244141,0.228882,12.8632,18000
10852843098,0.350952,0.228882,102.905,18000
10852843864,0.350952,0.228882,102.905,18000
10852844238,0.732422,0.228882,424.484,18000
10852844613,0.732422,0.228882,424.484,18000
10852844911,1.54114,0.228882,1106.23,18000
10852845613,0.38147,0.228882,128.632,18000
10852845848,0.38147,0.228882,128.632,18000
10852846427,1.67847,0.228882,1222,18000
10852846520,1.67847,0.228882,1222,18000
10852847035,1.17493,0.228882,797.516,18000
10852847191,1.17493,0.228882,797.516,18000
10852847583,1.38855,0.228882,977.6,18000
10852848614,0.778198,0.228882,463.074,18000
10852848661,0.778198,0.228882,463.074,18000
10852849505,0.854492,0.228882,527.39,18000
10852849566,0.854492,0.228882,527.39,18000
10852850084,0.854492,0.228882,527.39,18000
10852850879,0.854492,0.228882,527.39,18000
10852851036,1.83105,0.228882,1350.63,18000
10852851504,1.83105,0.228882,1350.63,18000
10852851911,1.41907,0.228882,1003.33,18000
10852852410,1.41907,0.244141,990.463,18000
10852853223,0.289917,0.289917,0,18000
10852853441,0.289917,0.289917,0,18000
10852853786,0.640869,0.289917,282.867,18000
10852854379,0.411987,0.289917,98.6328,18000
10863825469,0.747681,0.747681,0,12000
10863826063,0.900269,0.747681,13.1226,12000
10863827250,0.366211,0.366211,0,12000
10863828735,1.35803,0.366211,85.2966,12000
10863829516,0.717163,0.366211,30.1819,12000
10863830408,0.717163,0.366211,242.859,12000
10863830626,0.595093,0.366211,158.386,12000
10863830985,0.595093,0.366211,192.947,12000
10863831763,28.8544,0.366211,24015.5,1200
10863832235,28.8544,0.366211,24015.5,1200
10863832610,1.31226,0.366211,797.516,2400
10863833032,1.31226,0.366211,797.516,2400
10863833782,1.31226,0.366211,797.516,2400
10863834063,0.396729,0.366211,25.7263,2400
10863834595,0.50354,0.366211,115.768,2400
10863834672,0.50354,0.366211,115.768,2400
10863835157,0.50354,0.366211,115.768,2400
10863835282,0.50354,0.366211,115.768,2400
10863836099,0.50354,0.366211,110.687,2400
10863836594,0.50354,0.366211,110.687,2400
10863837111,0.50354,0.366211,110.687,2400
10863837876,0.747681,0.396729,282.867,2400
10863838548,0.747681,0.396729,282.867,2400
10863838798,1.09863,0.396729,565.735,2400
10863839610,1.09863,0.396729,565.735,2400
10863839954,1.28174,0.396729,713.318,2400
10863840704,1.28174,0.396729,713.318,2400
10863841424,1.77002,0.396729,1106.87,2400
10863841673,1.77002,0.396729,1106.87,2400
10863842799,1.77002,0.396729,1106.87,2400
10863842826,123.459,0.396729,99188.1,1200
10863843266,123.459,0.396729,99188.1,1200
10863843672,0.62561,0.396729,184.479,1200
10863844157,0.62561,0.50354,98.3887,1200
10863844923,0.793457,0.50354,233.673,1200
10863845595,0.793457,0.50354,233.673,1200
10863846236,0.518799,0.50354,12.2986,1200
10863846455,0.518799,0.50354,12.2986,1200
10863848330,1.05286,0.518799,430.45,1200
10863849361,1.54114,0.518799,824.005,1200
10863850829,1.5564,0.518799,836.304,1200
10863851502,1.98364,0.518799,1180.66,1200
10863852642,1.00708,0.518799,393.555,1200
10863853392,0.747681,0.518799,184.479,1200
10863853970,0.488281,0.488281,0,1200
10863854549,0.335693,0.335693,0,1200
10863855079,0.473022,0.335693,110.687,1200
10863855890,30.1514,0.335693,24031.4,1200
10863857345,1.31226,0.335693,787.109,1200
10863858280,123.291,0.335693,99102,1200
10863859579,1.46484,0.335693,910.095,1200
10863860329,1.06812,0.335693,590.332,1200
10863861829,4.45557,0.335693,3320.62,1200
10863862455,4.19617,0.335693,3111.54,1200
10863863126,3.46375,0.335693,2521.21,1200
10863864001,1.08337,0.335693,602.631,1200
10863865033,1.54114,0.473022,860.901,1200
10863865892,1.02234,1.02234,0,314.844
10863867377,1.69373,1.02234,565.979,1514.84
10863868284,1.5564,1.02234,450.211,1514.84
10863869454,0.991821,0.991821,0,1514.84
10863870424,0.991821,0.991821,0,314.844
10863870954,0.762939,0.762939,0,314.844
10863871861,64.0106,0.762939,42502.4,1200
10863871884,64.0106,0.762939,42502.4,1200
10863872642,1.15967,0.762939,266.602,2400
10863873329,1.15967,0.762939,266.602,2400
10863873971,0.88501,0.762939,82.0312,2400
10863874032,0.88501,0.762939,82.0312,2400
10863874657,0.88501,0.762939,82.0312,2400
10863874830,0.137329,0.137329,0,2400
10863875360,0.946045,0.137329,549.118,2400
10863875971,1.75476,0.137329,1098.24,2400
10863876111,1.75476,0.137329,1098.24,2400
10863876799,1.75476,0.137329,1098.24,2400
10863876987,1.67847,0.137329,1046.43,2400
10863877487,1.67847,0.137329,1046.43,2400
10863878404,1.67847,0.137329,1046.43,2400
10863878449,73.5931,0.137329,49876.5,1200
10863879002,73.5931,0.137329,49876.5,1200
10863879861,0.518799,0.137329,259.018,1200
10863880446,0.518799,0.137329,259.018,1200
10863880602,117.447,0.137329,79653.2,1200
10863881001,117.447,0.137329,79653.2,1200
10863881503,1.09863,0.137329,652.725,2400
10863882204,1.09863,0.137329,705.597,3600
10863882752,0.915527,0.137329,571.198,3600
10863882955,0.915527,0.137329,571.198,3600
10863883720,0.12207,0.12207,0,3600
10863884533,0.930786,0.12207,641.312,3600
10863885581,1.34277,0.12207,1029.05,3600
10863886081,1.34277,0.12207,1029.05,3600
10863886908,1.34277,0.12207,1029.05,3600
10863886971,1.08337,0.12207,810.379,3600
10863887940,0.946045,0.12207,694.611,3600
10863888079,0.946045,0.12207,694.611,3600
10863888611,0.946045,0.12207,694.611,3600
10863888736,0.62561,0.12207,424.484,3600
10863889205,0.62561,0.12207,424.484,3600
10863890050,0.534058,0.12207,347.305,3600
10863890580,0.534058,0.12207,332.062,3600
10863890736,0.823975,0.12207,565.735,3600
10863891736,0.518799,0.12207,319.763,3600
10863891892,0.518799,0.12207,319.763,3600
10863892861,0.839233,0.12207,578.033,3600
10863892923,0.839233,0.12207,578.033,3600
10863893783,0.839233,0.518799,258.27,3600
10863894049,0.747681,0.518799,184.479,3600
10863894502,0.747681,0.518799,184.479,3600
10863895330,1.11389,0.518799,501.663,3600
10863895768,1.11389,0.518799,501.663,3600
10863896330,0.137329,0.137329,0,3600
10863896549,0.137329,0.137329,0,3600
10863897382,0.137329,0.137329,0,3600
10863897455,0.549316,0.137329,347.305,3600
10863898459,0.549316,0.137329,347.305,3600
10863898923,0.366211,0.137329,192.947,3600
10863899721,0.366211,0.137329,192.947,3600
10863900127,1.08337,0.137329,797.516,3600
10863900987,1.08337,0.137329,797.516,3600
10863901486,0.0305176,0.0305176,0,3600
10863901971,0.0305176,0.0305176,0,3600
10863902408,0.839233,0.0305176,681.747,3600
10863902596,0.839233,0.0305176,681.747,3600
10863903205,0.839233,0.0305176,681.747,3600
10863903877,0.610352,0.0305176,488.8,3600
10863904486,0.610352,0.0305176,488.8,3600
10863905206,1.12915,0.0305176,926.147,3600
10863905330,1.12915,0.0305176,926.147,3600
10863906331,1.12915,0.0305176,926.147,3600
10863906455,1.23596,0.0305176,1016.19,3600
10863908049,0.366211,0.0305176,282.99,3600
10863908487,0.366211,0.0305176,282.99,3600
10863909503,1.72424,0.0305176,1427.81,3600
10863909831,1.72424,0.0305176,1427.81,3600
10863910159,0.488281,0.0305176,385.895,3600
10863910831,0.488281,0.0305176,385.895,3600
10863911379,0.488281,0.0305176,385.895,3600
10863911486,0.50354,0.0305176,398.758,3600
10863912109,29.6631,0.366211,24697.3,1200
10863912424,29.6631,0.366211,24697.3,1200
10863913549,0.823975,0.366211,385.895,1200
10863913674,0.823975,0.366211,385.895,1200
10863915549,1.11389,0.366211,630.295,1200
10863915768,1.11389,0.366211,630.295,1200
10863916409,1.11389,0.366211,630.295,1200
10863916971,0.38147,0.366211,12.8632,1200
10863916986,0.38147,0.366211,12.8632,1200
10863917706,1.25122,0.366211,746.063,1200
10863918878,0.701904,0.38147,270.126,1200
10863920330,0.320435,0.320435,0,1200
10863921331,0.961304,0.320435,540.253,1200
10863922628,1.40381,0.320435,913.284,1200
10863923863,0.656128,0.320435,282.99,1200
10863925249,44.1284,0.320435,36930.1,1200
10863926487,1.08337,0.320435,643.158,1200
10863927519,1.23596,0.320435,771.79,1200
10863928550,1.19019,0.320435,733.2,1200
10863929299,1.15967,0.320435,707.474,1200
10863930643,1.12915,0.656128,398.758,1200
10863932128,1.2207,0.656128,475.937,1200
10863933457,1.15967,0.656128,424.484,1200
10863934534,0.62561,0.62561,0,1200
10863935473,0.839233,0.62561,180.084,1200
10863936613,0.671387,0.62561,38.5895,1200
10863938093,12.619,0.62561,10110.4,1200
10863939377,32.3792,0.62561,26768.2,1200
10863940384,101.273,0.62561,84845.4,1200
10863941284,0.88501,0.62561,218.674,1200
10863942737,0.854492,0.62561,192.947,1200
10863943519,0.366211,0.366211,0,1200
10863944365,1.12915,0.366211,643.158,1200
10863945847,0.686646,0.366211,270.126,1200
10863946831,0.427246,0.366211,51.4526,1200
10863947692,0.579834,0.366211,180.084,1200
10863948299,0.457764,0.366211,77.179,1200
10863949473,0.900269,0.366211,450.211,1200
10863950894,0.549316,0.366211,154.358,1200
10863952159,3.0365,0.366211,2251.05,1200
10863952843,3.06702,0.366211,2276.78,1200
10863954215,1.06812,0.427246,540.253,1200
10863955503,1.57166,0.427246,964.737,2400
10863956399,3.479,0.427246,2572.63,2400
10863957923,1.87683,0.457764,1196.27,2400
10863959288,0.50354,0.50354,0,2400
10863960167,0.50354,0.50354,0,2400
10863960666,1.63269,0.50354,951.874,2400
10863961443,71.106,0.50354,56481.9,1200
10863961444,71.106,0.50354,56481.9,1200
10863962173,0.946045,0.50354,354.004,1200
10863962569,0.946045,0.50354,354.004,1200
10863963539,0.488281,0.488281,0,1200
10863963661,0.488281,0.488281,0,1200
10863964387,0.488281,0.488281,0,1200
10863964585,0.305176,0.305176,0,1200
10863965519,15.4266,0.305176,12747.4,1652.61
10863965597,15.4266,0.305176,12747.4,1200
10863966116,0.900269,0.305176,501.663,1200
10863966209,0.900269,0.305176,501.663,1200
10863967237,6.14929,0.305176,4926.59,1200
10863967296,6.14929,0.305176,4926.59,1200
10863968054,2.60925,0.305176,1942.34,2400
10863968991,3.2196,0.305176,2456.86,2400
10863969722,1.61743,0.305176,1106.23,2400
10863970426,1.61743,0.305176,1106.23,2400
10863970891,0.549316,0.305176,205.811,2400
10863971508,0.549316,0.305176,205.811,2400
10863972424,0.0915527,0.0915527,0,2400
10863972700,0.0915527,0.0915527,0,2400
10863973527,1.11389,0.0915527,861.832,2400
10863973922,1.11389,0.0915527,861.832,2400
10863974137,0.335693,0.0915527,205.811,2400
10863974836,0.335693,0.0915527,205.811,2400
10863975294,1.0376,0.0915527,797.516,2400
10863975986,1.0376,0.0915527,797.516,2400
10863976606,0.259399,0.0915527,141.495,2400
10863977114,0.259399,0.0915527,141.495,2400
10863978046,0.869751,0.0915527,656.021,2400
10863978424,0.869751,0.0915527,656.021,2400
10863979089,1.17493,0.0915527,913.284,2400
10863979243,1.17493,0.0915527,913.284,2400
10863979672,1.05286,0.0915527,810.379,2400
10863980364,1.05286,0.0915527,810.379,2400
10863980379,1.05286,0.0915527,810.379,2400
10863981222,1.05286,0.0915527,726.746,2400
10863981376,1.0376,0.0915527,715.21,2400
10863981789,1.0376,0.0915527,715.21,2400
10863982558,1.34277,0.0915527,945.923,2400
10863983171,1.40381,0.259399,865.173,2400
10863983217,1.40381,0.259399,865.173,2400
10863984028,0.534058,0.259399,207.642,2400
10863984686,0.534058,0.259399,207.642,2400
10863985087,0.900269,0.259399,484.497,2400
10863986087,0.900269,0.259399,484.497,2400
10863986165,0.747681,0.259399,369.141,2400
10863986801,0.930786,0.259399,507.568,3600
10863987038,0.930786,0.259399,507.568,3600
10863987608,1.43433,0.534058,680.603,3600
10863987807,1.43433,0.534058,680.603,3600
10863988298,1.14441,0.534058,461.426,3600
10863988603,1.14441,0.534058,461.426,3600
10863989257,1.14441,0.534058,461.426,3600
10863990979,1.52588,0.534058,749.817,3600
10863992261,1.52588,0.534058,817.261,3600
10863992336,29.1138,0.534058,23549.7,1200
10863993163,29.1138,0.534058,23549.7,1200
10863993209,1.02234,0.534058,402.344,1200
10863994375,1.02234,0.534058,402.344,1200
10863994519,0.823975,0.534058,238.892,1200
10863995056,0.823975,0.747681,62.8662,1200
10863995640,0.823975,0.747681,62.8662,1200
10863995931,0.411987,0.411987,0,1200
10863996438,0.411987,0.411987,0,1200
10863996811,68.4662,0.411987,56076.7,1200
10863997035,68.4662,0.411987,56076.7,1200
10863997508,0.778198,0.411987,301.758,1200
10863998216,0.518799,0.411987,88.0127,1200
10863998902,0.686646,0.411987,226.318,1200
10864000639,0.366211,0.366211,0,1200
10864002037,0.213623,0.213623,0,70.4102
10864003096,0.488281,0.213623,226.318,1200
10864003725,0.732422,0.213623,427.49,1200
10864004812,1.58691,0.213623,1131.59,2400
10864005623,1.58691,0.213623,1131.59,3600
10864006171,121.613,0.213623,102339,1200
10864006313,121.613,0.213623,102339,1200
10864007243,2.50244,0.213623,1929.47,1200
10864007497,2.50244,0.213623,1929.47,2400
10864008123,2.50244,0.213623,1929.47,2400
10864008566,2.30408,0.213623,1762.25,2400
10864009018,2.30408,0.213623,1762.25,2400
10864009774,12.5427,0.213623,10393.4,2400
10864009789,12.5427,0.213623,10393.4,2400
10864010906,12.5427,0.213623,10134.5,2400
10864011166,0.778198,0.213623,464.081,2400
10864011536,0.778198,0.213623,464.081,2400
10864012042,0.991821,0.488281,413.91,2400
10864012840,1.19019,0.488281,576.965,2400
10864012871,1.19019,0.488281,576.965,2400
10864013514,1.44958,0.732422,589.508,2400
10864013648,1.44958,0.732422,589.508,2400
10864014837,0.900269,0.778198,100.342,2400
10864014868,0.900269,0.778198,100.342,3600
10864015664,0.900269,0.778198,100.342,3600
10864016287,1.14441,0.778198,295.166,3600
10864016427,1.14441,0.778198,295.166,3600
10864017135,1.14441,0.778198,295.166,3600
10864017415,0.732422,0.732422,0,3600
10864018130,0.732422,0.732422,0,3600
10864018837,0.274658,0.274658,0,3600
10864019130,0.274658,0.274658,0,3600
10864019886,1.23596,0.274658,774.811,3600
10864020570,1.23596,0.274658,810.379,3600
10864021331,124.115,0.274658,104397,1200
10864021356,124.115,0.274658,104397,1200
10864022305,124.115,0.274658,104397,1200
10864022428,0.442505,0.274658,141.495,1200
10864023384,0.991821,0.274658,604.568,1200
10864023768,0.991821,0.274658,604.568,1200
10864024745,0.991821,0.274658,604.568,1200
10864024868,1.58691,0.274658,1106.23,1200
10864026002,1.58691,0.274658,1106.23,1200
10864026239,1.34277,0.274658,900.421,2400
10864027005,1.34277,0.274658,900.421,2400
10864027366,1.52588,0.274658,1054.78,2400
10864027889,1.52588,0.274658,1054.78,2400
10864028046,55.7861,0.274658,46796.2,1200
10864029420,0.579834,0.442505,115.768,1200
10864030341,0.183105,0.183105,0,1200
10864031511,1.35803,0.183105,990.463,1200
10864032173,1.14441,0.183105,810.379,1200
10864033215,1.61743,0.183105,1209.14,1200
10864034493,0.991821,0.183105,681.747,1200
10864035413,0.427246,0.183105,205.811,1200
10864036976,78.1097,0.183105,65692.2,1200
10864038365,1.25122,0.183105,900.421,2400
10864039881,28.595,0.183105,23951.2,1200
10864041219,1.14441,0.427246,604.568,1200
10864041922,1.25122,0.427246,694.611,1200
10864042675,1.297,0.427246,733.2,1200
10864043365,1.84631,0.427246,1196.27,1200
10864044335,0.457764,0.427246,25.7263,1200
10864045049,0.930786,0.427246,424.484,1200
10864045840,0.610352,0.457764,128.632,1200
10864047122,0.808716,0.457764,295.853,1200
10864048152,0.793457,0.457764,282.99,1200
10864049515,0.183105,0.183105,0,1200
10864050497,1.54114,0.183105,1144.82,1200
10864051120,1.43433,0.183105,1054.78,2400
10864052636,0.50354,0.183105,270.126,2400
10864054062,1.06812,0.183105,746.063,2400
10864055093,1.06812,0.183105,746.063,2400
10864055093,81.3904,0.183105,746.063,2400
10864055733,81.3904,0.183105,68457.7,1200
10864056227,0.915527,0.183105,590.332,1200
10864057002,0.915527,0.183105,590.332,1200
10864057207,78.3691,0.183105,63017.9,1200
10864057838,78.3691,0.183105,63017.9,1200
10864058165,161.392,0.183105,129935,1200
10864058720,161.392,0.183105,129935,1200
10864058869,0.442505,0.183105,209.076,1200
10864059467,0.442505,0.183105,209.076,1200
10864059512,0.411987,0.183105,184.479,1200
10864060450,1.02234,0.411987,491.943,1200
10864060818,1.02234,0.411987,491.943,1200
10864061722,0.778198,0.411987,295.166,1200
10864062131,0.778198,0.411987,295.166,2400
10864062710,0.62561,0.411987,172.18,2400
10864063634,1.63269,0.411987,983.887,2400
10864064539,0.427246,0.411987,12.2986,2400
10864065377,0.427246,0.411987,12.2986,2400
10864065484,1.58691,0.411987,946.991,2400
10864066283,1.58691,0.411987,946.991,2400
10864066697,1.5564,0.411987,922.394,2400
10864067260,1.5564,0.411987,922.394,2400
10864067922,1.5564,0.411987,922.394,2400
10864068194,1.28174,0.411987,701.019,2400
10864068662,1.28174,0.411987,701.019,2400
10864068991,56.2744,0.411987,45025.1,1200
10864069633,1.09863,0.427246,541.138,1200
10864069953,1.09863,0.427246,541.138,1200
10864070335,0.610352,0.427246,147.583,1200
10864070575,0.610352,0.427246,147.583,1200
10864071107,0.747681,0.427246,258.27,1200
10864071389,0.747681,0.427246,258.27,1200
10864072310,0.930786,0.427246,405.853,1200
10864072914,0.930786,0.427246,405.853,1200
10864073071,14.5416,0.427246,11376.2,1200
10864073821,0.88501,0.427246,368.958,1200
10864075288,0.534058,0.427246,86.0901,1200
10864076569,1.2207,0.534058,553.436,2400
10864077899,0.900269,0.534058,295.166,2400
10864078869,0.62561,0.534058,73.7915,2400
10864079996,0.671387,0.534058,110.687,2400
10864081005,0.671387,0.534058,101.486,2400
10864081130,0.457764,0.457764,0,2400
10864081789,0.457764,0.457764,0,2400
10864082269,0.350952,0.350952,0,2400
10864082776,0.350952,0.350952,0,2400
10864083542,1.32751,0.350952,721.68,2400
10864083740,1.32751,0.350952,721.68,2400
10864084185,1.11389,0.350952,563.812,2400
10864084509,1.11389,0.350952,563.812,2400
10864084803,5.52368,0.350952,3822.65,2400
10864085464,6.05774,0.350952,4217.32,2400
10864085907,6.05774,0.350952,4217.32,2400
10864086060,1.66321,0.350952,992.065,2400
10864087088,3.86047,0.350952,2653.2,2400
10864087135,3.86047,0.350952,2653.2,2400
10864087780,3.86047,0.350952,2653.2,2400
10864088208,4.88281,0.350952,3426.09,2400
10864089020,4.88281,0.350952,3426.09,2400
10864089379,5.20325,0.350952,3668.33,2400
10864089945,4.63867,0.350952,3241.52,2400
10864090300,4.63867,0.350952,3241.52,2400
10864090869,4.63867,0.350952,3241.52,2400
10864091008,0.640869,0.350952,219.177,2400
10864091852,1.43433,0.350952,770.279,2400
10864091916,1.43433,0.350952,770.279,2400
10864092794,0.579834,0.579834,0,2400
10864092990,0.579834,0.579834,0,2400
10864094251,3.32642,0.579834,1952.82,2400
10864094419,3.32642,0.579834,1952.82,2400
10864095478,1.17493,0.579834,423.111,2400
10864095662,1.17493,0.579834,423.111,2400
10864096447,3.08228,0.579834,1779.24,2400
10864096754,3.08228,0.579834,1779.24,2400
10864097794,3.08228,0.579834,1779.24,2400
10864097814,45.8527,0.579834,32189,1200
10864098669,45.8527,0.579834,32189,1200
10864099526,0.228882,0.228882,0,1200
10864100063,0.228882,0.228882,0,1200
10864100829,0.137329,0.137329,0,1200
10864101089,0.137329,0.137329,0,1200
10864101874,30.5176,0.137329,21600.4,1200
10864102471,30.5176,0.137329,21600.4,1200
10864103310,1.25122,0.137329,791.977,1200
10864104832,1.08337,0.137329,672.638,2400
10864105903,1.08337,0.137329,672.638,2400
10864106150,0.442505,0.137329,218.201,2400
10864106425,0.442505,0.137329,218.201,2400
10864107155,0.442505,0.137329,218.201,2400
10864107665,0.946045,0.137329,578.232,2400
10864108117,0.946045,0.137329,578.232,2400
10864108558,1.28174,0.137329,818.253,2400
10864108700,1.28174,0.137329,818.253,2400
10864109175,0.869751,0.137329,523.682,2400
10864110055,0.869751,0.137329,523.682,2400
10864110492,5.14221,0.137329,3578.49,2400
10864111275,5.14221,0.442505,3435.49,2400
10864111369,5.32532,0.442505,3569.34,2400
10864112038,5.32532,0.442505,3569.34,2400
10864112467,0.274658,0.274658,0,2400
10864113308,0.274658,0.274658,0,2400
10864113520,1.75476,0.274658,1081.95,2400
10864114550,0.610352,0.274658,245.392,2400
10864114794,0.610352,0.274658,245.392,2400
10864115132,1.00708,0.274658,535.4,2400
10864115733,1.00708,0.274658,535.4,2400
10864116085,4.0741,0.274658,3062.35,2400
10864116409,4.0741,0.274658,3062.35,2400
10864117102,1.61743,0.274658,1082.28,2400
10864117484,1.61743,0.274658,1082.28,2400
10864118559,4.85229,0.274658,3689.58,2400
10864118744,4.85229,0.274658,3689.58,2400
10864119638,1.64795,0.274658,1106.87,2400
10864120250,1.64795,0.274658,1101.38,2400
10864121023,1.11389,0.274658,673.065,2400
10864121543,1.11389,0.274658,688.171,2400
10864122337,1.17493,0.274658,738.22,2400
10864122998,78.8727,0.274658,64450.4,1200
10864123101,78.8727,0.274658,64450.4,1200
10864123748,78.8727,0.610352,64175.1,1200
10864124091,0.961304,0.610352,287.781,1200
10864124620,1.54114,0.610352,763.245,1200
10864124962,1.54114,0.961304,475.464,2400
10864125917,1.54114,0.961304,442.413,2400
10864125962,1.61743,0.961304,500.626,2400
10864127089,1.61743,0.961304,545.242,2400
10864127119,77.1637,0.961304,63324.2,1200
10864127926,77.1637,0.961304,63324.2,1200
10864128009,33.4625,0.961304,27008.5,1200
10864129057,1.12915,0.961304,139.481,1200
10864129210,1.12915,0.961304,139.481,1200
10864130007,0.305176,0.305176,0,1200
10864130747,0.305176,0.305176,0,1200
10864130919,0.946045,0.305176,532.562,1200
10864131914,0.473022,0.305176,139.481,1200
10864132283,0.473022,0.305176,139.481,1200
10864132913,1.89209,0.305176,1318.73,1200
10864134400,0.808716,0.305176,418.442,1200
10864135366,4.68445,0.305176,3639.18,1200
10864136503,1.23596,0.305176,773.483,1200
10864137984,0.0915527,0.0915527,0,1200
10864139422,0.549316,0.0915527,380.402,1200
10864140218,0.473022,0.0915527,317.001,2400
10864140633,0.473022,0.0915527,317.001,2400
10864141616,0.579834,0.0915527,410.645,2400
10864141905,0.579834,0.0915527,410.645,2400
10864142694,0.640869,0.0915527,461.975,2400
10864142789,0.640869,0.0915527,461.975,2400
10864143735,1.23596,0.0915527,962.448,2400
10864144166,1.23596,0.0915527,962.448,2400
10864144414,0.0915527,0.0915527,0,2400
10864145393,0.0915527,0.0915527,0,111.584
10864145546,1.5564,0.0915527,1234.86,1311.58
10864146078,1.5564,0.0915527,1234.86,1311.58
10864146215,1.44958,0.0915527,1144.82,2511.58
10864146896,1.44958,0.0915527,1144.82,3711.58
10864146927,101.364,0.0915527,85372.8,1200
10864147427,1.63269,0.0915527,1299.18,1200
10864147500,1.63269,0.0915527,1299.18,1200
10864148015,1.98364,0.0915527,1595.03,1200
10864148633,1.98364,0.0915527,1595.03,1200
10864149402,1.44958,0.0915527,1144.82,1200
10864149985,1.44958,0.0915527,1144.82,1200
10864150845,1.17493,0.0915527,913.284,1200
10864151413,1.17493,0.0915527,913.284,1200
10864152007,0.88501,0.0915527,668.884,1200
10864152235,0.88501,0.0915527,668.884,1200
10864152865,0.991821,0.0915527,758.926,2400
10864153644,1.00708,0.0915527,771.79,2400
10864154823,44.6472,0.0915527,37560.4,1200
10864155500,0.656128,0.656128,0,1200
10864156362,1.02234,0.656128,308.716,1200
10864157342,1.23596,0.656128,488.8,1200
10864158666,0.366211,0.366211,0,1200
10864159499,0.747681,0.366211,321.579,2400
10864160129,0.747681,0.366211,321.579,2400
10864160912,156.326,0.366211,117906,1200
10864161324,1.43433,0.366211,807.495,1200
10864161367,1.43433,0.366211,807.495,1200
10864162131,1.43433,0.366211,807.495,1200
10864162864,74.0509,0.366211,55705.6,1200
10864163630,74.0509,0.366211,55705.6,1200
10864164177,0.228882,0.228882,0,1200
10864164482,0.228882,0.228882,0,1200
10864164998,147.705,0.228882,111492,1200
10864165423,147.705,0.228882,111492,1200
10864166012,147.705,0.228882,111492,1200
10864166119,0.564575,0.228882,253.784,1200
10864167193,144.531,0.228882,109093,1200
10864167516,144.531,0.228882,109093,1200
10864167601,1.15967,0.228882,703.674,1200
10864168992,1.26648,0.228882,784.424,1200
10864170486,0.854492,0.228882,472.961,1200
10864171560,0.473022,0.228882,184.57,1200
10864172460,0.457764,0.228882,173.035,1200
10864173299,1.95312,0.228882,1303.53,1200
10864174127,1.58691,0.228882,1026.67,1200
10864175376,0.808716,0.457764,265.32,1200
10864176370,0.50354,0.457764,34.6069,1200
10864177493,1.63269,0.457764,888.245,1200
10864178421,1.51062,0.457764,795.959,1200
10864179871,0.671387,0.457764,161.499,1200
10864181368,0.762939,0.457764,230.713,1200
10864182208,117.233,0.457764,88282.3,1200
10864183471,0.198364,0.198364,0,1200
10864184398,0.473022,0.198364,207.642,2400
10864185438,0.473022,0.198364,207.642,2400
10864185745,0.473022,0.198364,207.642,2400
10864186695,0.473022,0.198364,193.909,2400
10864187221,55.8014,0.198364,39255.7,1200
10864187730,0.732422,0.198364,377.045,1200
10864188210,0.732422,0.198364,377.045,1200
10864188401,0.717163,0.198364,366.272,1200
10864189140,0.717163,0.198364,366.272,1200
10864189571,0.900269,0.198364,495.544,1200
10864190498,0.900269,0.198364,495.544,1200
10864191022,0.0762939,0.0762939,0,1200
10864191052,0.0762939,0.0762939,0,1200
10864191744,0.0762939,0.0762939,0,1200
10864192223,0.488281,0.0762939,290.863,1200
10864192497,0.488281,0.0762939,290.863,1200
10864193726,1.95312,0.0762939,1325.04,1200
10864194752,1.41907,0.0762939,947.998,2400
10864195071,1.41907,0.0762939,947.998,2400
10864195701,0.762939,0.0762939,484.772,2400
10864196419,0.762939,0.0762939,519.104,2400
10864196908,0.518799,0.0762939,334.534,2400
10864197385,0.518799,0.0762939,334.534,2400
10864198226,59.6008,0.0762939,45000.5,1200
10864198337,59.6008,0.0762939,45000.5,1200
10864198794,0.701904,0.0762939,472.961,1200
10864199430,0.411987,0.0762939,253.784,1200
10864199724,0.411987,0.0762939,253.784,1200
10864200498,0.411987,0.0762939,253.784,1200
10864200580,1.20544,0.0762939,853.638,1200
10864201587,1.20544,0.0762939,853.638,1200
10864202059,0.930786,0.411987,392.212,1200
10864203025,0.930786,0.411987,392.212,1200
10864203108,0.747681,0.411987,253.784,1200
10864203664,0.411987,0.411987,0,1200
10864204381,4.30298,0.411987,2941.59,1200
10864205058,0.686646,0.411987,207.642,1200
10864205984,1.14441,0.411987,553.711,1200
10864206735,4.89807,0.411987,3391.48,1200
10864207596,0.152588,0.152588,0,1200
10864208149,0.930786,0.152588,588.318,1200
10864209075,75.2258,0.152588,56755.4,1200
10864209921,1.05286,0.152588,680.603,1200
10864211218,1.92261,0.152588,1338.13,1200
10864212093,1.20544,0.152588,795.959,1200
10864213178,1.14441,0.152588,749.817,1200
10864214291,1.37329,0.152588,922.852,1200
10864215587,1.38855,0.152588,934.387,1200
10864216309,1.67847,0.152588,1153.56,1200
10864217555,1.51062,0.152588,1026.67,1200
10864218589,0.411987,0.411987,0,1200
10864219611,0.427246,0.411987,11.5356,1200
10864221020,0.595093,0.411987,138.428,1200
10864221669,1.41907,0.411987,761.353,1200
10864222533,5.02014,0.411987,3483.76,1200
10864223323,4.776,0.411987,3299.19,1200
10864224042,0.747681,0.411987,253.784,1200
10864224997,0.747681,0.411987,253.784,1200
10864227176,0.137329,0.137329,0,1200
10864227915,1.96838,0.137329,1384.28,1200
10864228780,1.09863,0.137329,726.746,1200
10864229640,0.518799,0.137329,288.391,1200
10864230251,0.167847,0.137329,23.0713,1200
10864231495,0.50354,0.137329,276.855,1200
10864232725,2.54822,0.137329,1822.63,1200
10864233506,2.97546,0.137329,2145.63,1200
10864234615,2.31934,0.137329,1649.6,1200
10864236097,1.15967,0.137329,772.888,1200
10864237212,1.78528,0.167847,1222.78,1200
10864238716,0.610352,0.167847,334.534,1200
10864239316,1.32751,0.167847,876.709,1200
10864240683,1.0376,0.50354,403.748,1200
10864242163,121.613,0.610352,91477.7,1200
10864242672,1.12915,0.610352,392.212,1200
10864244159,67.6575,0.610352,50687.6,1200
10864245589,0.350952,0.350952,0,1200
10864246721,1.77002,0.350952,1072.81,1200
10864248258,120.3,0.350952,90681.7,1200
10864249546,0.701904,0.350952,265.32,1200
10864250175,1.40381,0.350952,795.959,1200
10864250961,75.8362,0.350952,57066.8,1200
10864252388,1.28174,0.350952,703.674,1200
10864253496,0.869751,0.350952,392.212,1200
10864254823,3.44849,0.350952,2341.74,1200
10864255761,1.26648,0.701904,426.819,1200
10864256879,0.427246,0.427246,0,1200
10864257474,1.12915,0.427246,530.64,1200
10864258225,0.991821,0.427246,426.819,1200
10864259280,0.869751,0.427246,334.534,1200
10864259931,1.67847,0.427246,945.923,2400
10864260668,1.67847,0.427246,945.923,2400
10864260907,106.125,0.427246,83289.7,1200
10864261613,106.125,0.427246,83289.7,1200
10864261798,2.79236,0.427246,1863.71,1200
10864262605,2.79236,0.427246,1863.71,1200
10864263078,1.19019,0.427246,601.196,1200
10864263370,1.19019,0.427246,601.196,2400
10864263998,1.19019,0.427246,601.196,2400
10864686720,77.8503,77.8503,0,12000
10864687425,77.8503,77.8503,0,12000
10864687738,0.564575,0.564575,0,12000
10864688112,0.564575,0.564575,0,12000
10864688661,1.06812,0.564575,62.9425,12000
10864688769,1.06812,0.564575,62.9425,12000
10864689488,0.579834,0.564575,1.90735,12000
10864689706,0.579834,0.564575,1.90735,12000
10864690113,0.930786,0.564575,45.7764,12000
10864690862,0.930786,0.564575,295.166,12000
10864690879,0.839233,0.564575,221.375,12000
10864691409,0.839233,0.564575,221.375,12000
10864692003,0.839233,0.564575,221.375,12000
10864692301,1.2207,0.564575,528.839,12000
10864692628,1.2207,0.564575,528.839,12000
10864693676,1.44958,0.564575,713.318,12000
10864693910,1.44958,0.564575,713.318,12000
10864694754,0.732422,0.564575,135.284,12000
10864695035,0.732422,0.564575,135.284,12000
10864695753,0.579834,0.564575,12.2986,12000
10864696036,0.579834,0.564575,12.2986,12000
10864697035,0.823975,0.564575,209.076,12000
10864697300,0.823975,0.564575,209.076,12000
10864698379,0.823975,0.579834,196.777,12000
10864698535,0.717163,0.579834,110.687,12000
10864699237,0.0762939,0.0762939,0,12000
10864699738,0.0762939,0.0762939,0,12000
10864700191,0.62561,0.0762939,442.749,12000
10864701144,0.62561,0.0762939,463.074,12000
10864701409,1.2207,0.0762939,964.737,12000
10864701785,1.2207,0.0762939,964.737,12000
10864702176,1.41907,0.0762939,1131.96,12000
10864703004,0.701904,0.0762939,527.39,12000
10864703238,0.701904,0.0762939,527.39,12000
10864703707,0.442505,0.0762939,308.716,12000
10864704207,0.442505,0.0762939,308.716,12000
10864704910,0.564575,0.0762939,411.621,12000
10864704941,0.564575,0.0762939,411.621,12000
10864705644,0.564575,0.0762939,411.621,12000
10864706332,7.90405,0.0762939,6598.8,12000
10864706550,7.90405,0.0762939,6598.8,12000
10864707582,1.12915,0.0762939,887.558,12000
10864707739,1.12915,0.0762939,887.558,12000
10864708677,1.12915,0.0762939,887.558,6000
10864708855,90.5304,0.0762939,76252.8,1200
10864709160,90.5304,0.0762939,76252.8,1200
10864710160,1.20544,0.442505,643.158,2400
10864710301,1.20544,0.442505,643.158,2400
10864711175,1.20544,0.442505,643.158,2400
10864711660,0.839233,0.442505,315.796,2400
10864711723,0.839233,0.442505,315.796,2400
10864712190,0.12207,0.12207,0,2400
10864712708,0.167847,0.12207,36.438,2400
10864713129,0.167847,0.12207,36.438,2400
10864713270,0.640869,0.12207,412.964,2400
10864714035,0.366211,0.12207,194.336,2400
10864714254,0.366211,0.12207,194.336,2400
10928600719,0.991821,0.991821,0,12000
10928600813,0.991821,0.991821,0,12000
10928601610,0.991821,0.991821,0,12000
10928601657,0.808716,0.808716,0,12000
10928602516,0.808716,0.808716,0,12000
10928602939,0.488281,0.488281,0,12000
10928603579,0.488281,0.488281,0,12000
10928603954,0.289917,0.289917,0,12000
10928604719,0.289917,0.289917,0,12000
10928605281,0.0762939,0.0762939,0,12000
10928605344,0.0762939,0.0762939,0,12000
10928606439,0.106812,0.0762939,3.8147,12000
10928606829,0.106812,0.0762939,3.96729,12000
10928606970,0.762939,0.0762939,89.2639,12000
10928608032,1.11389,0.0762939,142.151,12000
10928608626,1.51062,0.0762939,199.371,12000
10928609564,1.43433,0.0762939,199.631,12000
10928610563,0.610352,0.0762939,84.3811,12000
10928611094,0.793457,0.0762939,113.312,6000
10928612001,0.778198,0.0762939,120.026,7200
10928613391,1.26648,0.0762939,220.184,3600
10928614751,1.05286,0.0762939,208.984,2400
10928615392,0.793457,0.106812,146.942,2400
10928616782,1.12915,0.106812,237.183,3600
10928618283,1.00708,0.610352,92.041,3600
10928619110,0.946045,0.610352,77.8809,3600
10928619720,1.12915,0.610352,120.361,3600
10929226684,1.20544,1.20544,0,12000
10929227496,1.20544,1.20544,0,12000
10929228122,0.808716,0.808716,0,12000
10929228559,0.808716,0.808716,0,12000
10929229184,1.2207,0.808716,36.2549,12000
10929229403,1.2207,0.808716,36.2549,12000
10929230029,1.2207,0.808716,36.2549,12000
10929230418,1.12915,0.808716,28.1982,12000
10929231216,1.12915,0.808716,28.1982,12000
10929231434,0.946045,0.808716,12.085,12000
10929232059,0.946045,0.808716,12.085,12000
10929232512,0.396729,0.396729,0,12000
10929232686,0.396729,0.396729,0,12000
10929233528,0.396729,0.396729,0,12000
10929233731,0.976562,0.396729,488.8,12000
10929234497,0.976562,0.396729,488.8,12000
10929235059,0.976562,0.396729,488.8,12000
10929235184,0.976562,0.396729,488.8,12000
10929236356,1.41907,0.396729,861.832,12000
10929236528,1.41907,0.396729,861.832,12000
10929237575,0.701904,0.396729,257.263,12000
10929237841,0.701904,0.396729,257.263,12000
10929238185,0.854492,0.396729,385.895,12000
10929238606,0.854492,0.396729,385.895,13200
10929238810,0.335693,0.335693,0,13200
10929239466,0.335693,0.335693,0,13200
10929240216,1.40381,0.335693,900.421,13200
10929240764,1.40381,0.335693,900.421,13200
10929241513,0.442505,0.335693,90.0421,13200
10929241543,0.442505,0.335693,90.0421,13200
10929242731,0.442505,0.335693,90.0421,13200
10929242748,0.717163,0.335693,321.579,13200
10929243997,0.259399,0.259399,0,14400
10929244169,0.259399,0.259399,0,15600
10929244809,0.259399,0.259399,0,15600
10929245029,0.152588,0.152588,0,15600
10929245653,0.152588,0.152588,0,16800
10929245810,1.297,0.152588,964.737,16800
10929246715,1.08337,0.152588,784.653,18000
10929247075,1.08337,0.152588,784.653,19200
10929247654,1.08337,0.152588,784.653,20400
10929248216,0.991821,0.152588,707.474,20400
10929248512,0.991821,0.152588,707.474,20400
10929248873,1.19019,0.152588,874.695,21600
10929249356,1.19019,0.152588,874.695,22800
10929249747,0.610352,0.152588,385.895,24000
10929250466,0.747681,0.152588,501.663,25200
10929250841,0.747681,0.152588,501.663,25200
10929251841,0.747681,0.152588,536.774,25200
10929251904,0.152588,0.152588,0,26400
10929252497,0.915527,0.152588,688.171,27600
10929252747,0.915527,0.152588,725.555,27600
10929253622,0.915527,0.152588,725.555,28800
10929253764,0.305176,0.152588,145.111,30000
10929546191,0.656128,0.656128,0,6000
10929546284,0.656128,0.656128,0,3000
10929546706,0.656128,0.656128,0,1500
10929547081,0.656128,0.656128,0,1500
10929547504,0.976562,0.656128,32.0435,2700
10929547660,0.976562,0.656128,32.0435,2700
10929548300,0.976562,0.656128,32.0435,1950
10929548675,1.35803,0.656128,75.8057,1950
10929549675,1.35803,0.656128,75.8057,1950
10929549955,0.976562,0.656128,38.4521,1950
10929550785,0.976562,0.656128,40.0543,1950
10929550909,0.976562,0.656128,40.0543,1950
10929551252,0.595093,0.595093,0,1950
10929551831,0.595093,0.595093,0,1200
10929551862,0.518799,0.518799,0,2400
10929552409,1.09863,0.518799,77.6978,1800
10929553582,1.19019,0.518799,97.3511,1800
10929554847,0.396729,0.396729,0,1800
10929555815,0.396729,0.396729,0,1800
10929555909,1.2207,0.396729,130.188,3000
10929556582,0.961304,0.396729,89.2029,3000
10929557769,1.09863,0.396729,110.901,3000
10929558581,1.09863,0.396729,110.901,3000
10929558878,1.14441,0.396729,118.134,3000
10929559565,0.961304,0.396729,89.2029,3000
10929560582,0.961304,0.396729,183.487,3000
10929561082,0.50354,0.396729,34.7137,3000
10929561223,0.50354,0.396729,34.7137,4200
10929561957,0.396729,0.396729,0,4200
10929562253,0.396729,0.396729,0,4200
10929562411,0.396729,0.396729,0,4200
10929562956,0.396729,0.396729,0,4200
10929563018,0.289917,0.289917,0,4200
10929563582,0.289917,0.289917,0,4200
10929564378,0.289917,0.289917,0,4200
10929564534,0.427246,0.289917,41.6107,4200
10929565191,0.427246,0.289917,41.6107,4200
10929565300,0.106812,0.106812,0,4200
10929567050,0.0915527,0.0915527,0,4200
10929567847,0.0915527,0.0915527,0,4200
10929567957,0.335693,0.0915527,95.2148,4200
10929568425,0.335693,0.0915527,95.2148,4200
10929568800,0.335693,0.0915527,95.2148,4200
10929569097,0.717163,0.0915527,243.988,4200
10929569332,0.717163,0.0915527,243.988,4200
10929570175,0.839233,0.0915527,291.595,4200
10929570191,0.839233,0.0915527,291.595,4200
10929570707,0.839233,0.0915527,291.595,4200
10929571253,0.839233,0.0915527,291.595,4200
10929571518,0.396729,0.0915527,153.809,4200
10929572769,0.396729,0.0915527,153.809,4200
10929572956,0.457764,0.0915527,184.57,5400
10929573519,0.457764,0.0915527,190.796,6600
10929573753,0.137329,0.0915527,23.8495,6600
10929574550,0.0457764,0.0457764,0,62.1582
10929575019,0.0457764,0.0457764,0,62.1582
10929575425,0.0457764,0.0457764,0,62.1582
10929576019,0.518799,0.0457764,268.677,1262.16
10929576128,0.518799,0.0457764,268.677,1231.08
10929576597,0.335693,0.0457764,178.009,1200
10929576847,0.335693,0.0457764,178.009,1200
10929577769,0.88501,0.0457764,542.984,1200
10929578034,0.88501,0.0457764,542.984,1200
10929578503,0.518799,0.0457764,306.046,2400
10929579222,0.595093,0.0457764,374.634,3600
10929580457,1.11389,0.0457764,779.724,4800
10929580582,1.11389,0.0457764,797.882,4800
10930664836,1.35803,1.35803,0,12000
10930666164,0.50354,0.50354,0,12000
10930667023,0.839233,0.50354,32.2266,12000
10930667976,0.595093,0.50354,9.33838,12000
10930669257,0.671387,0.50354,18.4631,12000
10930670039,0.823975,0.50354,37.8113,12000
10930671210,0.335693,0.335693,0,12000
10930672523,1.02234,0.335693,93.3838,12000
10930674195,0.411987,0.335693,11.5204,12000
10930675335,0.762939,0.335693,69.6411,12000
10930676368,0.198364,0.198364,0,12000
10930677367,0.152588,0.152588,0,12000
10930678429,0.900269,0.152588,153.275,6000
10930679664,1.31226,0.152588,257.446,6000
10930681085,0.747681,0.152588,142.227,6000
10930681633,0.839233,0.152588,164.108,6000
10930682867,0.701904,0.152588,131.287,6000
10930683712,0.38147,0.152588,54.7028,6000
10930685054,0.610352,0.152588,109.406,6000
10930686195,0.610352,0.152588,224.304,6000
10930686243,0.50354,0.152588,171.967,6000
10930687367,1.2207,0.152588,741.272,6000
10930687617,1.2207,0.38147,582.428,6000
10930688133,0.244141,0.244141,0,6000
10930688757,0.244141,0.244141,0,6000
10930689305,1.2207,0.244141,677.734,6000
10930689493,1.2207,0.244141,677.734,6000
10930690507,0.701904,0.244141,317.688,7200
10930690930,0.701904,0.244141,317.688,8400
10930691368,1.69373,0.244141,1006.01,9600
10930691805,1.69373,0.244141,1030.65,10800
10930692602,1.8158,0.244141,1117.45,12000
10930693133,1.8158,0.244141,1181.88,13200
10930693289,1.2207,0.244141,734.375,14400
10930694009,1.19019,0.244141,739.807,15600
10930694430,1.19019,0.244141,739.807,16800
10930695150,1.2207,0.244141,783.203,18000
10930695493,1.2207,0.244141,783.203,18000
10930695992,0.457764,0.244141,176.453,18000
10930696665,0.457764,0.244141,176.453,18000
10930697414,0.457764,0.244141,180.084,18000
10930697430,0.778198,0.244141,450.211,18000
10930698461,0.778198,0.244141,450.211,18000
10930698961,0.793457,0.457764,282.99,18000
10939441970,0.701904,0.701904,0,12000
10939442392,0.701904,0.701904,0,12000
10939443455,1.31226,0.701904,364.99,12000
10939443704,1.31226,0.701904,364.99,12000
10939444549,0.427246,0.427246,0,12000
10939444829,0.427246,0.427246,0,12000
10939445533,0.701904,0.427246,164.246,12000
10939446096,0.701904,0.427246,164.246,12000
10939446330,0.946045,0.427246,310.242,12000
10939446673,0.946045,0.427246,310.242,12000
10939447315,0.946045,0.427246,437.347,12000
10939447455,1.31226,0.427246,746.063,12000
10939447907,1.31226,0.427246,746.063,12000
10939448282,1.06812,0.427246,540.253,12000
10939449361,1.06812,0.427246,540.253,12000
10939449611,1.17493,0.427246,630.295,12000
10939449986,1.17493,0.427246,630.295,12000
10939450751,0.167847,0.167847,0,12000
10939451267,0.167847,0.167847,0,12000
10939452158,0.167847,0.167847,0,12000
10939452204,0.366211,0.167847,149.963,12000
10939453080,1.46484,0.167847,980.53,13200
10939453377,1.46484,0.167847,980.53,13200
10939453830,1.52588,0.167847,1026.67,13200
10939454627,1.52588,0.167847,1026.67,13200
10939454783,1.19019,0.167847,772.888,13200
10939455346,1.19019,0.167847,772.888,13200
10939455548,0.793457,0.167847,472.961,13200
10939456220,0.198364,0.167847,23.0713,13200
10939456581,0.198364,0.167847,23.0713,13200
10939457501,0.0152588,0.0152588,0,14400
10939457814,0.0152588,0.0152588,0,14400
10939458439,0.0152588,0.0152588,0,15600
10939458471,0.335693,0.0152588,270.126,15600
10939459330,0.335693,0.0152588,270.126,15600
10939814963,0.50354,0.50354,0,12000
10939815791,0.50354,0.50354,0,12000
10939816275,0.762939,0.50354,23.8647,12000
10939817182,0.762939,0.50354,25.6805,12000
10939817244,1.09863,0.50354,58.9142,12000
10939818182,1.34277,0.50354,88.9587,12000
10939818259,1.34277,0.50354,88.9587,12000
10939819119,0.717163,0.50354,24.353,12000
10939819244,0.717163,0.50354,24.353,12000
10939820494,0.778198,0.50354,33.783,12000
10939820619,0.778198,0.50354,33.783,12000
10939821464,1.49536,0.50354,131.912,12000
10939822979,0.350952,0.350952,0,12000
10939824292,0.839233,0.350952,70.3125,12000
10939825541,0.808716,0.350952,70.0378,12000
10939827760,0.778198,0.350952,76.4771,12000
10939828041,0.778198,0.350952,82.0312,12000
10939828557,0.778198,0.350952,82.0312,12000
10939829040,0.518799,0.350952,34.4086,13200
10939829541,0.518799,0.350952,34.4086,6600
10939830401,0.518799,0.350952,37.262,3300
10939830494,0.808716,0.350952,101.624,3300
10939831073,0.808716,0.350952,109.863,3300
10939831963,0.717163,0.350952,88.623,3300
10939832182,0.717163,0.350952,88.623,3300
10939832932,0.717163,0.350952,88.623,3300
10939833432,1.12915,0.518799,147.705,3300
10939833588,1.12915,0.518799,147.705,3300
10939834119,1.12915,0.518799,147.705,3300
10939834292,0.808716,0.518799,70.1599,3300
10939835370,0.808716,0.518799,70.1599,3300
10939835510,0.930786,0.518799,99.7009,3300
10939836869,2.54822,0.518799,491.119,3300
10939837604,2.54822,0.518799,635.208,3300
10939837823,2.74658,0.518799,697.296,3300
10939838293,2.74658,0.518799,697.296,3300
10939839025,0.152588,0.152588,0,3300
10939839245,0.152588,0.152588,0,3300
10939839994,0.534058,0.152588,119.4,3300
10939840213,0.534058,0.152588,119.4,3300
10939840668,1.44958,0.152588,405.96,4500
10940059606,0.88501,0.88501,0,12000
10940060012,0.88501,0.88501,0,12000
10940060168,0.88501,0.88501,0,12000
10940060278,0.610352,0.610352,0,12000
10940061514,0.610352,0.610352,0,12000
10940061731,0.976562,0.610352,52.002,12000
10940062091,0.976562,0.610352,52.002,12000
10940063091,1.25122,0.610352,94.8486,12000
10940063340,1.25122,0.610352,94.8486,12000
10940064138,1.25122,0.610352,97.4121,12000
10940064170,1.19019,0.610352,88.1348,12000
10940065091,1.19019,0.610352,401.245,12000
10940065123,0.976562,0.610352,253.418,12000
10940065935,0.976562,0.610352,308.716,12000
10940066512,0.976562,0.610352,308.716,12000
10940066606,0.915527,0.610352,257.263,12000
10940067060,0.915527,0.610352,257.263,12000
10940067668,0.732422,0.610352,102.905,12000
10940068341,0.732422,0.610352,102.905,12000
10940068966,0.534058,0.534058,0,12000
10940069309,0.534058,0.534058,0,12000
10940069606,0.946045,0.534058,347.305,12000
10940070231,0.946045,0.534058,347.305,12000
10940070512,0.289917,0.289917,0,12000
10940071060,0.427246,0.289917,115.768,12000
10940071591,0.427246,0.289917,115.768,12000
10940072028,1.0376,0.289917,630.295,12000
10940072638,1.0376,0.289917,630.295,13200
10940073357,1.0376,0.289917,630.295,13200
10940073372,0.518799,0.289917,192.947,13200
10940073481,0.518799,0.289917,192.947,13200
10940073998,1.14441,0.289917,720.337,13200
10940074715,1.14441,0.289917,720.337,13200
10940075293,0.167847,0.167847,0,13200
10940075841,0.167847,0.167847,0,13200
10940076091,0.167847,0.167847,0,13200
10940076231,1.35803,0.167847,1003.33,14400
10940076388,1.35803,0.167847,1003.33,14400
10940077231,1.35803,0.167847,1003.33,14400
10940077340,0.823975,0.167847,553.116,14400
10940077981,0.823975,0.167847,553.116,14400
10940078684,0.595093,0.167847,360.168,14400
10940079310,0.595093,0.167847,360.168,14400
10940079856,0.595093,0.167847,360.168,14400
10940080169,0.823975,0.167847,553.116,14400
10940080543,0.823975,0.167847,553.116,14400
10940080778,0.656128,0.167847,411.621,14400
10940081403,0.656128,0.167847,411.621,14400
10940081543,0.671387,0.167847,424.484,14400
10940081638,0.671387,0.167847,424.484,15600
10940082090,0.839233,0.167847,565.979,15600
10940082730,0.839233,0.167847,565.979,15600
10940083044,0.640869,0.167847,398.758,15600
10940083434,0.640869,0.167847,398.758,15600
10940084092,0.640869,0.167847,398.758,15600
10940084293,1.06812,0.167847,758.926,16800
10940084653,1.06812,0.167847,758.926,16800
10940084919,1.06812,0.167847,680.603,16800
10940085137,1.23596,0.167847,807.495,16800
10940085466,1.23596,0.167847,807.495,16800
10940086574,0.473022,0.473022,0,18000
10940086622,0.473022,0.473022,0,18000
10940087340,0.305176,0.305176,0,19200
10940087919,0.305176,0.305176,0,19200
10940088653,1.00708,0.305176,591.705,19200
10940088918,1.00708,0.305176,591.705,19200
10940089091,1.00708,0.305176,591.705,20400
10940269717,0.442505,0.442505,0,12000
10940270748,0.0915527,0.0915527,0,12000
10940271702,0.335693,0.0915527,23.4375,12000
10940272842,1.297,0.0915527,125.366,12000
10940273592,0.518799,0.0915527,47.8516,12000
10940274327,0.62561,0.0915527,64.621,12000
10940275608,0.854492,0.0915527,96.8933,12000
10940276421,0.152588,0.0915527,7.87354,12000
10940277389,1.12915,0.0915527,142.151,12000
10940278685,0.366211,0.0915527,40.3748,12000
10940280201,0.38147,0.0915527,49.8657,12000
10940280983,0.366211,0.152588,36.7432,12000
10940281905,0.640869,0.152588,90.332,12000
10940282623,0.350952,0.152588,39.6729,6000
10940283498,0.62561,0.152588,102.173,3000
10940284483,0.488281,0.152588,78.2166,3000
10940285843,0.671387,0.152588,120.88,3000
10940287202,0.854492,0.350952,117.325,4200
10940287905,0.88501,0.350952,124.435,4200
10940288891,0.930786,0.350952,135.101,4200
10940289873,0.930786,0.350952,223.236,4200
10940290328,1.19019,0.350952,323.105,4200
10940290624,1.19019,0.350952,323.105,4200
10940291249,1.2207,0.350952,347.031,4200
10940291436,1.2207,0.350952,347.031,4200
10940292154,1.2207,0.350952,347.031,4200
10940292280,0.88501,0.350952,213.089,4200
10940293545,0.396729,0.396729,0,4200
10940293562,0.396729,0.396729,0,4200
10940294155,0.396729,0.396729,0,4200
10940294874,1.15967,0.396729,304.413,4200
10940295484,1.15967,0.396729,304.413,4200
10940295999,0.671387,0.396729,134.308,4200
10940296546,1.37329,0.396729,477.539,4200
10940296875,1.37329,0.396729,477.539,4200
10940297515,0.793457,0.396729,194,4200
10940298248,0.793457,0.396729,194,4200
10940298624,0.259399,0.259399,0,4200
10940299420,0.564575,0.259399,149.231,4200
10940299701,0.564575,0.259399,149.231,4200
10940300265,0.564575,0.259399,149.231,4200
10940300297,2.44141,0.259399,1067,4200
10940300905,0.930786,0.259399,390.747,4200
10940301531,0.930786,0.259399,390.747,5400
10940301655,1.15967,0.259399,523.956,6600
10940302234,1.15967,0.259399,523.956,7800
10940302343,2.44141,0.259399,1269.93,9000
10940303201,2.19727,0.259399,1156.91,10200
10940303623,2.19727,0.259399,1156.91,11400
10940304295,0.427246,0.259399,107.925,12600
10940304764,0.427246,0.259399,107.925,13800
10940305357,0.473022,0.259399,145.477,15000
10940305921,0.473022,0.259399,180.084,16200
10940305998,0.259399,0.259399,0,16200
10940307076,0.259399,0.259399,0,81.7383
10940307311,0.900269,0.259399,540.253,1281.74
10940307874,1.54114,0.259399,1080.51,2481.74
10940308327,1.54114,0.259399,1080.51,3681.74
10940308921,0.167847,0.167847,0,81.7383
10940309296,0.167847,0.167847,0,81.7383
10940310342,0.167847,0.167847,0,81.7383
10940310406,0.793457,0.167847,527.39,1281.74
10940310998,1.28174,0.167847,939.011,2481.74
10940311139,1.28174,0.167847,939.011,3681.74
10940311593,2.15149,0.167847,1672.21,4881.74
10940311780,2.15149,0.167847,1672.21,6081.74
10940312546,2.15149,0.167847,1672.21,7281.74
10940312998,0.732422,0.167847,475.937,8481.74
10940313968,0.457764,0.167847,244.4,9681.74
10940315264,2.34985,0.167847,1839.43,10881.7
10940315999,2.34985,0.167847,1839.43,12081.7
10940316249,0.549316,0.167847,321.579,13281.7
10940316780,0.167847,0.167847,0,81.7383
10940317218,0.167847,0.167847,0,81.7383
10940317983,0.152588,0.152588,0,81.7383
10940318077,0.152588,0.152588,0,81.7383
10940318686,0.0305176,0.0305176,0,81.7383
10940319374,0.0305176,0.0305176,0,81.7383
10940319452,1.17493,0.0305176,964.737,1281.74
10940320029,0.0610352,0.0305176,25.7263,1240.87
10940320406,0.0610352,0.0305176,25.7263,2440.87
10940320937,0.0610352,0.0305176,25.7263,3640.87
10940321030,1.00708,0.0305176,823.242,4840.87
10940321749,0.732422,0.0305176,591.705,6040.87
10940322062,0.732422,0.0305176,591.705,7240.87
10940322829,2.13623,0.0305176,1775.12,8440.87
10940322844,2.13623,0.0305176,1775.12,9640.87
10940323499,0.869751,0.0305176,707.474,10840.9
10940324373,0.411987,0.0305176,321.579,12040.9
10940324889,0.411987,0.0305176,321.579,12040.9
10940325281,0.778198,0.0305176,602.631,13240.9
10940325826,0.686646,0.0305176,528.839,14440.9
10940326327,0.686646,0.0305176,528.839,15640.9
10940326873,0.686646,0.0305176,528.839,16840.9
10940327186,1.54114,0.0305176,1220.58,16840.9
10940327936,1.34277,0.0305176,1060.3,16840.9
10940328202,1.34277,0.0305176,1060.3,16840.9
10940329405,0.839233,0.0610352,628.784,16840.9
10940329437,0.839233,0.0610352,628.784,16840.9
10940330499,1.15967,0.0610352,885.498,16840.9
10940330562,1.15967,0.0610352,885.498,16840.9
10940331296,1.15967,0.411987,602.631,16840.9
10940331328,0.88501,0.411987,381.256,16840.9
10940331843,0.88501,0.411987,381.256,16840.9
10940332421,0.88501,0.411987,381.256,16840.9
10940332733,6.48499,0.411987,4894.84,16840.9
10940333342,6.19507,0.411987,4661.16,16840.9
10940333390,6.19507,0.411987,4661.16,16840.9
10940334124,6.19507,0.411987,4661.16,16840.9
10940334217,0.671387,0.411987,209.076,16840.9
10940335218,0.671387,0.671387,0,16840.9
10940335577,0.671387,0.671387,0,16840.9
10940336421,1.66321,0.671387,799.408,16840.9
10940336530,1.66321,0.671387,799.408,16840.9
10940337046,1.93787,0.671387,1020.78,16840.9
10940338030,1.93787,0.671387,1020.78,16840.9
10940338374,0.106812,0.106812,0,16840.9
10940339281,0.106812,0.106812,0,16840.9
10940339421,0.961304,0.106812,695.557,16840.9
10940340453,0.778198,0.106812,565.979,16840.9
10940340546,0.778198,0.106812,565.979,16840.9
10940341671,0.62561,0.106812,437.347,16840.9
10940341781,0.62561,0.106812,437.347,16840.9
10940342530,0.62561,0.106812,437.347,16840.9
10940342874,1.09863,0.106812,836.105,16840.9
10940343656,1.09863,0.106812,836.105,16840.9
10940343687,0.946045,0.106812,707.474,16840.9
10940344499,0.946045,0.106812,707.474,16840.9
10940345062,0.946045,0.106812,707.474,16840.9
10940345077,0.656128,0.106812,463.074,16840.9
10940345890,0.656128,0.106812,463.074,16840.9
10940346577,0.350952,0.106812,205.811,16840.9
10940346906,0.350952,0.106812,205.811,16840.9
10940347343,1.26648,0.106812,977.6,16840.9
10940348295,1.26648,0.106812,977.6,16840.9
10940350014,0.930786,0.350952,467.346,16840.9
10940350436,0.930786,0.350952,467.346,16840.9
10940350796,1.11389,0.350952,614.929,16840.9
10940351375,1.11389,0.350952,614.929,16840.9
10940351858,1.12915,0.350952,627.228,16840.9
10940352421,1.12915,0.350952,627.228,16840.9
10940352718,1.297,0.350952,762.512,16840.9
10940353296,1.297,0.350952,765.35,16840.9
10940353499,1.28174,0.350952,753.006,16840.9
10940354046,1.28174,0.350952,760.452,16840.9
10940356875,0.839233,0.350952,411.621,16840.9
10940357953,0.839233,0.839233,0,16840.9
10940358342,0.991821,0.839233,128.632,16840.9
10940358874,0.991821,0.839233,128.632,16840.9
10940359155,0.793457,0.793457,0,16840.9
10940359593,0.793457,0.793457,0,16840.9
10940360406,0.778198,0.778198,0,16840.9
10940360876,0.778198,0.778198,0,16840.9
10940361280,0.411987,0.411987,0,16840.9
10940361686,0.411987,0.411987,0,16840.9
10940362499,0.411987,0.411987,0,16840.9
10940362593,1.26648,0.411987,720.337,16840.9
10940363046,1.26648,0.411987,720.337,16840.9
10940363530,0.869751,0.411987,385.895,16840.9
10940363656,0.869751,0.411987,385.895,16840.9
10940365001,2.33459,0.411987,1620.76,16840.9
10940365140,2.33459,0.411987,1620.76,16840.9
10940365579,1.60217,0.411987,1003.33,16840.9
10940366281,1.60217,0.411987,1003.33,16840.9
10940366407,1.57166,0.411987,977.6,16840.9
10940366844,1.57166,0.411987,977.6,16840.9
10940367125,0.808716,0.411987,334.442,16840.9
10940367656,0.808716,0.411987,334.442,16840.9
10940368124,0.976562,0.411987,475.937,16840.9
10940368187,0.976562,0.411987,475.937,16840.9
10940368968,0.976562,0.411987,475.937,16840.9
10940369421,0.473022,0.411987,51.4526,16840.9
10940370327,0.473022,0.411987,49.1943,16840.9
10940370546,1.23596,0.411987,664.124,16840.9
10940371453,1.23596,0.411987,679.779,16840.9
10940371999,0.747681,0.411987,276.947,16840.9
10940372124,0.747681,0.411987,276.947,16840.9
10940372781,0.747681,0.473022,226.593,16840.9
10940372875,0.839233,0.473022,302.124,16840.9
10940373390,0.839233,0.473022,302.124,16840.9
10940373577,0.778198,0.473022,251.77,16840.9
10940374062,0.778198,0.473022,251.77,16840.9
10940374547,1.37329,0.473022,742.722,16840.9
10940374983,1.37329,0.473022,742.722,16840.9
10940375219,1.93787,0.473022,1234.86,16840.9
10940410767,0.823975,0.823975,0,12000
10940410937,0.823975,0.823975,0,12000
10940411719,0.701904,0.701904,0,12000
10940412124,0.701904,0.701904,0,12000
10940413218,0.701904,0.701904,0,12000
10940413250,0.534058,0.534058,0,12000
10940413766,0.534058,0.534058,0,12000
10940414329,1.57166,0.534058,132.812,12000
10940414374,1.57166,0.534058,132.812,12000
10940414937,1.57166,0.534058,132.812,12000
10940415328,1.41907,0.534058,122.131,12000
10940416064,1.2207,0.534058,94.7571,12000
10940416578,0.411987,0.411987,0,12000
10940417532,0.411987,0.411987,0,12000
10940418578,0.595093,0.411987,28.0151,12000
10940420000,1.31226,0.411987,144.943,12000
10940420860,0.778198,0.411987,63.7207,12000
10940422063,1.28174,0.411987,163.513,12000
10940422360,1.28174,0.411987,158.295,13200
10940423078,0.930786,0.411987,94.4214,6600
10940423187,0.930786,0.411987,94.4214,3300
10940423437,0.930786,0.411987,102.203,2250
10940424032,0.793457,0.411987,75.1495,1725
10940424671,0.793457,0.411987,80.8716,1200
10940425374,0.976562,0.411987,128.159,1200
10940425531,0.976562,0.411987,128.159,1200
10940425860,0.976562,0.411987,128.159,2400
10940427453,1.15967,0.411987,195.892,3600
10940427891,1.15967,0.595093,147.919,3600
10940428765,0.198364,0.198364,0,3600
10940429156,0.198364,0.198364,0,3600
10940429766,0.198364,0.198364,0,3600
10940429813,0.213623,0.198364,3.9978,3600
10940430579,0.213623,0.198364,3.9978,3600
10940431312,0.854492,0.198364,171.906,3600
10940432015,0.854492,0.198364,171.906,3600
10940432078,0.762939,0.198364,147.919,3600
10940432812,0.762939,0.198364,197.601,3600
10940433078,0.671387,0.198364,165.558,3600
10940433312,0.671387,0.198364,165.558,3600
10940433969,0.671387,0.198364,192.52,3600
10940434203,0.900269,0.198364,285.675,3600
10940607752,0.671387,0.671387,0,12000
10940608221,0.671387,0.671387,0,12000
10940608533,0.488281,0.488281,0,12000
10940608831,0.488281,0.488281,0,6000
10940608925,0.488281,0.488281,0,6000
10940609706,0.778198,0.488281,28.9917,6000
10940610128,0.778198,0.488281,28.9917,6000
10940610862,1.49536,0.488281,107.758,6000
10940611253,1.49536,0.488281,107.758,6000
10940611456,1.49536,0.488281,116.821,3000
10940611487,0.534058,0.488281,5.31006,3000
10940612692,0.534058,0.488281,5.72205,3000
10940612925,0.244141,0.244141,0,93.457
10940613487,0.411987,0.244141,21.8201,1293.46
10940613737,0.411987,0.244141,21.8201,1246.73
10940614362,1.02234,0.244141,101.166,1223.36
10940615284,1.54114,0.244141,182.877,2423.36
10940615908,0.534058,0.244141,44.0674,2423.36
10940616440,0.595093,0.244141,53.3447,2423.36
10940616580,0.595093,0.244141,53.3447,2423.36
10940617831,0.762939,0.244141,80.9326,2423.36
10940619175,1.26648,0.244141,172.775,3623.36
10940619940,1.26648,0.244141,186.066,3623.36
10940620284,1.28174,0.244141,188.843,4823.36
10940620877,1.28174,0.244141,204.407,3011.68
10940621315,1.09863,0.244141,168.335,2105.84
10940622112,1.09863,0.244141,171.753,1652.92
10940622800,0.762939,0.244141,112.061,1200
10940623112,0.762939,0.411987,75.8057,2400
10940623690,0.762939,0.411987,81.7719,2400
10940623737,0.762939,0.411987,81.7719,3600
10940624268,1.69373,0.534058,270.203,3600
10940624753,1.69373,0.534058,272.522,3600
10940625440,0.595093,0.534058,14.3433,3600
10940625988,0.701904,0.595093,25.1007,3600
10940626252,0.701904,0.595093,25.1007,3600
10940752114,0.274658,0.274658,0,12000
10940752302,0.274658,0.274658,0,12000
10940752817,0.274658,0.274658,0,12000
10940753364,1.43433,0.274658,149.597,12000
10940753615,1.43433,0.274658,149.597,12000
10940754317,1.43433,0.274658,149.597,12000
10940754739,0.50354,0.274658,30.899,12000
10940755489,1.02234,0.274658,103.18,12000
10940755551,1.02234,0.274658,103.18,12000
10940756521,1.25122,0.274658,146.484,12000
10940756943,1.25122,0.274658,815.43,12000
10940757395,0.701904,0.274658,356.75,12000
10940757614,0.701904,0.274658,356.75,12000
10940758661,0.701904,0.274658,356.75,12000
10940758802,0.671387,0.274658,331.268,12000
10940759239,0.671387,0.274658,331.268,12000
10940759458,0.671387,0.274658,331.268,12000
10940759614,0.62561,0.274658,293.045,12000
10940760271,1.63269,0.274658,1133.96,12000
10940760926,1.63269,0.274658,1133.96,12000
10940761739,1.63269,0.274658,1133.96,12000
10940761755,0.534058,0.274658,216.599,12000
10940762239,0.534058,0.274658,209.076,12000
10940762709,0.244141,0.244141,0,12000
10940762912,0.244141,0.244141,0,12000
10940763505,0.244141,0.244141,0,12000
10940763740,1.15967,0.244141,737.915,12000
10940764301,0.976562,0.244141,590.332,12000
10940765021,0.976562,0.244141,590.332,12000
10940765161,1.40381,0.244141,934.692,12000
10940765271,1.40381,0.244141,934.692,12000
10940766489,0.930786,0.244141,553.436,12000
10940766521,0.930786,0.244141,553.436,12000
10940767209,0.930786,0.244141,553.436,12000
10940767489,0.473022,0.244141,184.479,12000
10940768692,0.473022,0.244141,184.479,12000
10940768832,0.62561,0.244141,307.465,12000
10941130683,1.00708,1.00708,0,12000
10941131027,1.00708,1.00708,0,12000
10941131246,1.00708,1.00708,0,12000
10941132246,1.00708,1.00708,0,12000
10941132606,1.00708,1.00708,0,12000
10941133246,1.00708,1.00708,0,12000
10941133277,1.00708,1.00708,0,12000
10941134417,1.00708,1.00708,0,12000
10941134684,1.00708,1.00708,0,12000
10941135293,1.00708,1.00708,0,12000
10941135887,1.00708,1.00708,0,12000
10941136715,1.00708,1.00708,0,12000
10941136918,0.946045,0.946045,0,12000
10941137262,0.946045,0.946045,0,12000
10941137402,0.946045,0.946045,0,12000
10941138184,0.946045,0.946045,0,12000
10941138715,0.946045,0.946045,0,12000
10941139684,0.946045,0.946045,0,12000
10941140214,0.946045,0.946045,0,12000
10941140495,0.946045,0.946045,0,12000
10941140495,0.549316,0.549316,0,12000
10941141465,0.549316,0.549316,0,12000
10941141574,0.549316,0.549316,0,12000
10941142074,0.549316,0.549316,0,12000
10941142152,0.549316,0.549316,0,12000
10941143013,1.49536,0.549316,797.516,12000
10941143277,1.49536,0.549316,797.516,12000
10941143605,1.49536,0.549316,797.516,12000
10941144418,1.49536,0.549316,797.516,12000
10941144652,1.49536,0.549316,797.516,12000
10941145292,1.49536,0.549316,797.516,13200
10941146152,1.49536,0.549316,784.271,13200
10941146418,1.49536,0.549316,784.271,14400
10941147417,1.49536,0.549316,784.271,14400
10941147918,1.49536,0.549316,784.271,14400
10941148355,1.49536,0.549316,784.271,14400
10941148683,1.49536,0.549316,784.271,14400
10941148870,1.23596,0.549316,569.229,14400
10941149230,1.23596,0.549316,569.229,14400
10941149417,1.23596,0.549316,569.229,14400
10941149839,1.23596,0.549316,569.229,14400
10941150434,1.23596,0.549316,519.104,14400
10941150590,1.23596,0.549316,519.104,14400
10941151121,1.23596,0.549316,519.104,14400
10941151247,1.23596,0.549316,519.104,14400
10941151996,1.23596,0.549316,522.537,14400
10941152090,1.23596,0.549316,522.537,14400
10941152512,1.67847,1.23596,344.711,14400
10941152621,1.67847,1.23596,344.711,14400
10941152933,1.67847,1.23596,344.711,14400
10941153262,1.67847,1.23596,344.711,14400
10941154245,1.67847,1.23596,358.871,15600
10941154433,1.67847,1.23596,371.262,16800
10941155216,1.67847,1.23596,371.262,18000
10941155590,1.67847,1.23596,373.032,18000
10941155887,1.67847,1.23596,373.032,18000
10941156715,1.67847,1.23596,373.032,18000
10941156839,1.67847,1.23596,373.032,18000
10941157511,1.67847,1.23596,373.032,18000
10941158324,1.67847,1.23596,373.032,18000
10941158903,1.67847,1.23596,373.032,18000
10941159058,1.67847,1.23596,373.032,18000
10941159401,0.518799,0.518799,0,19200
10941159636,0.518799,0.518799,0,19200
10941159777,0.518799,0.518799,0,20400
10941160324,0.518799,0.518799,0,20400
10941160402,0.518799,0.518799,0,20400
10941161527,0.518799,0.518799,0,20400
10941161636,0.518799,0.518799,0,20400
10941162746,0.518799,0.518799,0,20400
10941162996,0.518799,0.518799,0,21600
10941163668,0.518799,0.518799,0,21600
10941164136,0.518799,0.518799,0,22800
10941164699,0.518799,0.518799,0,22800
10942052419,0.701904,0.701904,0,12000
10942053107,0.701904,0.701904,0,12000
10942053137,0.671387,0.671387,0,12000
10942054543,0.808716,0.671387,13.1836,12000
10942055309,1.32751,0.671387,68.2373,12000
10942055980,1.11389,0.671387,49.5605,12000
10942057512,0.946045,0.671387,33.2336,6000
10942058107,1.52588,0.671387,111.938,6000
10942059496,1.52588,0.671387,120.483,7200
10942059512,0.717163,0.671387,6.45447,7200
10942060404,1.38855,0.671387,109.726,7200
10942061403,0.411987,0.411987,0,7200
10942062200,0.38147,0.38147,0,7200
10942062856,0.442505,0.38147,9.82666,7200
10942063934,0.610352,0.38147,39.8254,3600
10942064637,0.854492,0.38147,82.3059,3600
10942064825,0.854492,0.38147,88.9282,3600
10942065700,0.38147,0.38147,0,31.8604
10942067200,1.00708,0.38147,148.27,1231.86
10942067764,1.31226,0.38147,238.281,1200
10942068356,0.473022,0.38147,23.4375,1200
10942068935,0.823975,0.38147,121.246,1200
10942070685,0.839233,0.38147,125.885,2400
10942071700,0.839233,0.38147,125.885,3600
10942072029,0.839233,0.38147,140.991,3600
10942072091,0.564575,0.38147,56.3965,3600
10942072810,0.549316,0.38147,51.6968,3600
10942072903,0.549316,0.38147,51.6968,3600
10942073543,0.106812,0.106812,0,3600
10942073935,0.106812,0.106812,0,3600
10942074669,1.02234,0.106812,281.982,3600
10942075262,1.02234,0.106812,281.982,3600
10942075280,1.02234,0.106812,281.982,3600
10942075435,0.717163,0.106812,187.988,3600
10942076264,0.717163,0.106812,187.988,3600
10942076294,0.839233,0.106812,225.586,3600
10942077700,0.839233,0.106812,263.672,3600
10942077700,1.84631,0.106812,263.672,3600
10942165624,1.02234,1.02234,0,12000
10942166218,0.869751,0.869751,0,12000
10942166780,0.869751,0.869751,0,12000
10942167655,0.869751,0.869751,0,12000
10942167983,0.869751,0.869751,0,12000
10942168593,0.671387,0.671387,0,12000
10942168625,0.671387,0.671387,0,12000
10942169499,0.671387,0.671387,0,12000
10942169858,1.08337,0.671387,52.7344,12000
10942170483,0.88501,0.671387,27.3438,12000
10942170499,0.88501,0.671387,27.3438,12000
10942171359,0.793457,0.671387,16.8457,12000
10942171467,0.793457,0.671387,16.8457,12000
10942172233,0.488281,0.488281,0,12000
10942173531,1.0376,0.488281,86.792,12000
10942174405,0.289917,0.289917,0,12000
10942175937,1.35803,0.289917,187.988,12000
10942176952,0.0915527,0.0915527,0,12000
10942178171,0.900269,0.0915527,157.7,12000
10942179624,0.335693,0.0915527,51.2695,6000
10942180405,0.50354,0.0915527,93.5211,3600
10942181061,1.17493,0.0915527,264.343,2400
10942181937,0.808716,0.0915527,189.331,1200
10942183186,0.915527,0.0915527,233.185,1200
10942184452,0.808716,0.0915527,210.846,2400
10942185468,0.869751,0.0915527,228.79,3600
10942186437,0.183105,0.0915527,26.9165,4800
10942187499,0.717163,0.183105,157.013,4800
10942188124,1.05286,0.183105,255.707,4800
10942188921,1.05286,0.183105,320.938,4800
10942189312,0.183105,0.183105,0,4800
10942189859,0.183105,0.183105,0,4800
10942190358,0.244141,0.183105,22.522,4800
10942191031,0.244141,0.183105,22.522,4800
10942191531,0.289917,0.183105,39.4135,4800
10942192406,0.289917,0.183105,39.4135,4800
10942192983,0.854492,0.183105,247.742,4800
10942193093,0.854492,0.183105,247.742,6000
10942193781,0.793457,0.183105,351.562,6000
10942194499,0.793457,0.183105,351.562,6000
10942195108,0.793457,0.183105,514.526,7200
10942195280,0.518799,0.183105,282.99,8400
10942196234,0.518799,0.183105,282.99,9600
10942196594,0.12207,0.12207,0,186.548
10942197312,0.12207,0.12207,0,186.548
10942197578,0.823975,0.12207,591.705,1386.55
10942198281,0.823975,0.12207,591.705,2586.55
10942198906,0.823975,0.12207,591.705,3786.55
10942198952,0.106812,0.106812,0,186.548
10942199561,0.106812,0.106812,0,186.548
10942199782,0.686646,0.106812,488.8,1386.55
10942200202,0.686646,0.106812,488.8,2586.55
10942201124,0.473022,0.106812,308.716,3786.55
10942201671,0.473022,0.106812,308.716,4986.55
10942202280,0.473022,0.106812,308.716,6186.55
10942202297,1.06812,0.106812,810.379,7386.55
10942203234,1.06812,0.106812,810.379,8586.55
10942203500,1.06812,0.106812,810.379,9786.55
10942204609,1.06812,0.106812,774.811,10986.5
10942204984,0.778198,0.106812,541.138,12186.5
10942205782,0.778198,0.106812,541.138,13386.5
10942206359,1.28174,0.106812,946.991,14586.5
10942206656,1.28174,0.106812,946.991,15786.5
10942207406,0.671387,0.106812,455.048,16986.5
10942207703,0.671387,0.106812,455.048,16986.5
10942208203,0.610352,0.106812,405.853,16986.5
10942208233,0.610352,0.106812,405.853,16986.5
10942208859,0.610352,0.106812,405.853,16986.5
10942209108,0.228882,0.106812,98.3887,16986.5
10942210265,0.228882,0.228882,0,16986.5
10942210421,0.747681,0.228882,418.152,16986.5
10942211157,0.747681,0.228882,418.152,16986.5
10942211453,1.52588,0.228882,1045.38,16986.5
10942212062,0.106812,0.106812,0,16986.5
10942212360,0.106812,0.106812,0,16986.5
10942213312,0.0305176,0.0305176,0,16986.5
10942213749,0.0305176,0.0305176,0,16986.5
10942213874,0.152588,0.0305176,98.3887,16986.5
10942215031,0.152588,0.0305176,102.905,16986.5
10942215062,0.854492,0.0305176,694.611,16986.5
10942216265,0.854492,0.0305176,694.611,16986.5
10942216562,0.808716,0.0305176,656.021,16986.5
10942217095,0.808716,0.0305176,656.021,16986.5
10942217531,0.50354,0.0305176,398.758,16986.5
10942217859,0.50354,0.0305176,398.758,16986.5
10942218532,1.19019,0.0305176,977.6,16986.5
10942219031,1.19019,0.0305176,876.709,16986.5
10942219562,0.350952,0.0305176,242.249,16986.5
10942220234,0.900269,0.0305176,673.187,16986.5
10942220280,0.900269,0.0305176,673.187,16986.5
10942220906,0.534058,0.0305176,398.804,16986.5
10942221452,0.534058,0.0305176,398.804,16986.5
10942222189,0.869751,0.0305176,671.387,16986.5
10942222405,0.869751,0.0305176,671.387,16986.5
10942223188,0.869751,0.0305176,678.101,16986.5
10942223234,1.09863,0.0305176,863.037,16986.5
10942223937,1.09863,0.152588,797.516,16986.5
10942224359,0.686646,0.152588,450.211,16986.5
10942224688,0.686646,0.152588,450.211,16986.5
10942226250,0.732422,0.350952,321.579,16986.5
10942226437,0.732422,0.350952,321.579,16986.5
10942228031,0.686646,0.350952,282.99,16986.5
10942228859,0.686646,0.350952,282.99,16986.5
10942229063,1.297,0.350952,797.516,16986.5
10942230063,1.297,0.534058,643.158,16986.5
10942230437,0.686646,0.534058,128.632,16986.5
10942231078,0.152588,0.152588,0,16986.5
10942231158,0.152588,0.152588,0,16986.5
10942231813,1.0376,0.152588,746.063,16986.5
10942232533,1.0376,0.152588,746.063,16986.5
10942232906,0.320435,0.152588,141.495,16986.5
10942233205,0.320435,0.152588,141.495,16986.5
10942233563,0.976562,0.152588,694.611,16986.5
10942234984,1.31226,0.152588,977.6,16986.5
10942235735,1.31226,0.152588,977.6,16986.5
10942236032,1.2207,0.152588,900.421,16986.5
10942236564,1.297,0.152588,964.737,16986.5
10942236907,1.297,0.152588,964.737,16986.5
10942237235,0.0915527,0.0915527,0,16986.5
10942237563,0.0915527,0.0915527,0,16986.5
10942238406,0.0915527,0.0915527,0,16986.5
10942238688,1.14441,0.0915527,848.602,16986.5
10942239203,1.14441,0.0915527,848.602,18186.5
10942239876,1.14441,0.0915527,887.558,18186.5
10942240204,0.106812,0.0915527,12.8632,18186.5
10942241125,0.106812,0.0915527,12.8632,18186.5
10942241282,0.88501,0.0915527,668.884,18186.5
10942241734,0.88501,0.0915527,668.884,18186.5
10942242079,0.961304,0.0915527,733.2,18186.5
10942242658,0.961304,0.0915527,733.2,18186.5
10942243297,0.961304,0.0915527,733.2,18186.5
10942243438,0.320435,0.0915527,192.947,18186.5
10942244938,0.701904,0.0915527,514.526,18186.5
10942245501,0.701904,0.0915527,514.526,18186.5
10942245766,1.77002,0.0915527,1414.95,18186.5
10942246625,1.77002,0.0915527,1414.95,18186.5
10942246876,0.350952,0.0915527,218.674,18186.5
10942247282,0.350952,0.0915527,218.674,18186.5
10942247704,1.14441,0.0915527,887.558,18186.5
10942248360,0.518799,0.0915527,360.168,18186.5
10942248642,0.518799,0.106812,347.305,18186.5
10942249188,0.274658,0.106812,141.495,18186.5
10942249626,0.274658,0.106812,141.495,18186.5
10942250688,1.0376,0.106812,784.653,18186.5
10942250688,1.0376,0.106812,784.653,18186.5
10942251688,1.0376,0.274658,643.158,18186.5
10942251860,0.717163,0.274658,373.032,18186.5
10942252391,0.717163,0.274658,373.032,18186.5
10942253313,1.46484,0.274658,1003.33,18186.5
10942253734,1.46484,0.274658,1003.33,18186.5
10942254235,0.946045,0.274658,565.979,18186.5
10942255188,0.946045,0.274658,565.979,18186.5
10942255579,1.63269,0.274658,1144.82,18186.5
10942256532,1.63269,0.274658,1144.82,18186.5
10942256564,1.63269,0.274658,1144.82,18186.5
10942257094,1.63269,0.274658,1144.82,18186.5
10942257314,0.88501,0.274658,514.526,18186.5
10942258203,3.46375,0.274658,2688.4,18186.5
10942258579,3.46375,0.274658,2688.4,18186.5
10942259031,0.38147,0.274658,80.7495,18186.5
10942259862,0.38147,0.38147,0,18186.5
10942260360,0.534058,0.38147,117.34,18186.5
10942260907,0.534058,0.38147,118.408,18186.5
10942261298,1.51062,0.38147,876.221,18186.5
10942262127,1.51062,0.38147,895.416,18186.5
10942262627,1.80054,0.38147,1125.32,18186.5
10942263439,1.80054,0.38147,1142.35,18186.5
10942263814,0.549316,0.38147,141.495,18186.5
10942264861,0.549316,0.38147,141.495,18186.5
10942265985,1.09863,0.38147,604.568,18186.5
10942266220,1.09863,0.38147,604.568,18186.5
10942267346,1.41907,0.38147,874.695,18186.5
10942267360,1.41907,0.38147,874.695,18186.5
10942268360,1.08337,0.38147,591.705,18186.5
10942268485,1.08337,0.38147,591.705,18186.5
10942268938,0.976562,0.38147,501.663,18186.5
10942269220,0.976562,0.38147,501.663,18186.5
10942269876,0.976562,0.534058,373.032,18186.5
10942269938,0.411987,0.411987,0,18186.5
10942271001,0.411987,0.411987,0,18186.5
10942271158,2.02942,0.411987,1363.49,18186.5
10942272002,2.02942,0.411987,1363.49,18186.5
10942272064,1.38855,0.411987,823.242,18186.5
10942272720,1.26648,0.411987,720.337,18186.5
10942272767,1.26648,0.411987,720.337,18186.5
10942273345,1.26648,0.411987,720.337,18186.5
10942273516,0.930786,0.411987,437.347,18186.5
10942274173,0.930786,0.411987,437.347,18186.5
10942274783,5.44739,0.411987,4244.84,18186.5
10942275000,5.44739,0.411987,4244.84,18186.5
10942275782,5.44739,0.411987,4244.84,18186.5
10942275985,0.762939,0.411987,295.853,18186.5
10942276626,1.05286,0.411987,540.253,18186.5
10942276877,1.05286,0.411987,540.253,18186.5
10942277454,0.549316,0.411987,115.768,18186.5
10942277798,0.549316,0.411987,115.768,18186.5
10942278282,0.411987,0.411987,0,18186.5
10942278579,0.411987,0.411987,0,18186.5
10942279142,0.396729,0.396729,0,18186.5
10942279783,0.137329,0.137329,0,18186.5
10942279985,0.137329,0.137329,0,18186.5
10942280782,0.137329,0.137329,0,18186.5
10942281188,1.41907,0.137329,1080.51,18186.5
10942281908,1.41907,0.137329,1080.51,18186.5
10942282235,0.366211,0.137329,192.947,18186.5
10942283003,1.54114,0.137329,1183.41,18186.5
10942283235,1.54114,0.137329,1183.41,18186.5
10942283891,0.12207,0.12207,0,18186.5
10942284485,0.12207,0.12207,0,18186.5
10942507616,0.244141,0.244141,0,12000
10942508099,0.244141,0.244141,0,12000
10942508333,0.0915527,0.0915527,0,12000
10942510506,0.167847,0.0915527,8.16345,12000
10942511255,0.167847,0.0915527,8.54492,12000
10942511802,1.09863,0.0915527,120.85,12000
10942511834,1.09863,0.0915527,120.85,12000
10942512740,1.09863,0.0915527,130.92,12000
10942512959,1.4801,0.0915527,180.511,12000
10942513771,1.54114,0.0915527,202.942,12000
10942514115,1.54114,0.0915527,202.942,12000
10942515005,1.14441,0.0915527,160.034,12000
10942516037,0.274658,0.0915527,29.48,12000
10942517522,1.43433,0.0915527,216.187,12000
10942518834,1.20544,0.167847,189.88,12000
10942520084,0.305176,0.167847,27.0538,12000
10942521084,0.915527,0.167847,159.256,12000
10942522163,0.808716,0.274658,122.833,12000
10942523568,0.0915527,0.0915527,0,12000
10942524319,0.564575,0.0915527,126.77,13200
10942524912,0.671387,0.0915527,168.152,14400
10942526209,0.228882,0.0915527,42.984,7200
10942526740,0.427246,0.0915527,113.464,3600
10942527351,0.915527,0.0915527,278.503,3600
10942528021,0.50354,0.0915527,149.551,3600
10942529428,0.762939,0.0915527,243.713,3600
10942530287,0.946045,0.0915527,310.181,3600
10942531615,1.11389,0.0915527,371.109,3600
10942533084,8.04138,0.0915527,2885.79,3600
10942533585,8.04138,0.228882,2835.94,3600
10942533834,1.44958,0.228882,517.578,3600
10942534115,1.44958,0.228882,517.578,3600
10942534616,1.93787,0.228882,724.609,3600
10942534865,1.93787,0.228882,724.609,3600
10942535459,0.12207,0.12207,0,3600
10942536085,0.686646,0.12207,239.38,3600
10942536178,0.686646,0.12207,239.38,3600
10942536865,0.686646,0.12207,239.38,3600
10942537490,0.62561,0.12207,213.501,3600
10942538116,0.62561,0.12207,213.501,3600
10942539100,1.41907,0.12207,626.45,3600
10942539147,1.41907,0.12207,626.45,3600
10942539710,1.41907,0.12207,626.45,3600
10942539897,0.946045,0.12207,397.98,3600
10942540913,0.946045,0.12207,397.98,3600
10942541116,1.02234,0.12207,434.83,3600
10942541960,0.732422,0.12207,294.8,3600
10942542053,0.732422,0.12207,294.8,3600
10942543069,0.732422,0.12207,294.8,3600
10942543334,1.08337,0.12207,464.31,3600
10942543866,1.08337,0.12207,533.524,4800
10942544490,1.08337,0.12207,533.524,6000
10942544710,0.823975,0.12207,389.557,7200
10942545006,0.823975,0.12207,389.557,8400
10942545365,0.793457,0.12207,372.62,9600
10942546008,0.793457,0.62561,93.9941,10800
10942546616,0.793457,0.62561,93.9941,12000
10942546631,0.732422,0.62561,59.8145,13200
10942547210,0.732422,0.62561,64.5142,14400
10942547335,0.747681,0.62561,73.7305,15600
10942548039,1.32751,0.62561,456.94,16800
10942548584,1.32751,0.732422,387.405,16800
10942549335,0.411987,0.411987,0,16800
10942549663,0.411987,0.411987,0,16800
10942550678,0.640869,0.411987,192.947,16800
10942550990,0.640869,0.411987,192.947,16800
10942551709,0.640869,0.411987,192.947,16800
55128051,1.05286,1.05286,0,13200
55128910,0.62561,0.62561,0,13200
55129425,0.778198,0.62561,92.0105,13200
55130363,0.961304,0.62561,203.094,13200
55131020,1.297,0.62561,406.189,13200
55132472,1.19019,0.62561,346.085,14400
55134458,1.43433,0.62561,562.057,14400
55134833,1.43433,0.62561,681.747,14400
55135020,0.808716,0.62561,154.358,14400
55136176,0.640869,0.62561,12.8632,14400
55136317,0.640869,0.62561,12.8632,14400
55136941,0.259399,0.259399,0,14400
55137786,0.259399,0.259399,0,14400
55138020,0.305176,0.259399,38.5895,14400
55138863,0.305176,0.259399,38.5895,14400
55138894,0.549316,0.259399,244.4,14400
55139442,0.656128,0.259399,334.442,14400
55139738,0.656128,0.259399,334.442,14400
55139988,0.900269,0.259399,540.253,14400
55140302,0.900269,0.259399,540.253,14400
55140521,0.793457,0.259399,450.211,14400
55141208,0.793457,0.259399,450.211,14400
55141989,2.16675,0.259399,1607.89,15600
55142208,2.16675,0.259399,1607.89,16800
55142567,1.60217,0.259399,1131.96,16800
55142926,1.60217,0.259399,1131.96,16800
55143583,0.488281,0.259399,192.947,16800
55143629,0.488281,0.259399,192.947,16800
55144442,0.595093,0.259399,282.99,16800
55145082,0.595093,0.259399,282.99,16800
